date,World price index,NZ$ price index,Meat/skins/wool-WP,Meat/skins/wool-NZ$,Dairy products-WP,Dairy products-NZ$,Horticultural products-WP,Horticultural products-NZ$,Forest products-WP,Forest products-NZ$,Seafood-WP,Seafood-NZ$,Aluminium-WP,Aluminium-NZ$
1986-01-30,100.0,100.0,100.0,100.0,100.0,100.0,100.0,100.0,100.0,100.0,100.0,100.0,100.0,100.0
1986-02-27,97.5,101.4,97.5,102.2,102.3,105.9,100.0,100.0,99.5,103.8,63.0,65.2,104.7,108.4
1986-03-30,100.4,101.9,102.9,105.3,108.8,109.5,100.0,100.0,93.0,94.2,44.4,44.7,104.3,104.9
1986-04-29,109.3,102.3,107.8,101.8,114.3,104.8,100.0,100.0,94.1,87.5,131.9,120.9,104.3,95.7
1986-05-30,107.6,102.5,104.5,99.8,123.7,116.4,100.0,100.0,100.2,95.2,83.8,78.8,106.2,99.8
1986-06-29,107.9,108.4,108.2,110.0,122.0,120.7,100.0,100.0,95.9,96.2,73.7,72.9,100.6,99.5
1986-07-30,107.5,112.3,109.7,115.8,120.2,124.4,100.0,100.0,97.7,103.0,57.7,59.8,101.2,104.8
1986-08-30,108.8,118.7,109.0,120.4,118.4,128.7,100.0,100.0,122.7,135.3,62.2,67.7,108.1,117.6
1986-09-29,108.6,118.5,109.0,120.0,119.8,130.7,100.0,100.0,116.8,129.5,63.8,69.6,104.2,113.7
1986-10-30,112.7,118.5,113.5,119.5,122.2,129.0,100.64,100.7,114.2,122.0,90.5,95.6,101.4,107.0
1986-11-29,113.6,117.8,115.2,119.9,120.4,124.7,100.64,100.7,112.8,118.1,99.4,102.9,101.4,105.0
1986-12-30,116.7,120.1,116.4,120.7,125.9,128.9,100.64,100.7,104.9,108.9,122.3,125.2,105.0,107.5
1987-01-30,117.6,117.6,119.9,121.1,125.6,123.8,100.64,100.7,112.2,112.4,90.0,88.7,115.0,113.4
1987-02-27,119.1,116.2,125.6,123.7,128.6,123.5,100.64,100.7,109.4,106.6,57.6,55.3,122.7,117.8
1987-03-30,124.7,121.0,127.5,125.3,127.7,121.1,100.64,100.7,114.6,110.7,117.0,110.9,125.5,118.9
1987-04-29,118.4,112.4,127.5,123.0,126.8,116.9,70.73,70.2,125.2,118.3,57.6,53.1,126.5,116.6
1987-05-30,118.9,113.2,128.2,123.8,124.4,115.5,70.73,70.2,129.0,122.4,58.6,54.4,132.0,122.5
1987-06-29,122.8,114.2,127.5,119.9,124.8,113.2,70.73,70.2,127.1,117.5,101.4,92.0,148.2,134.4
1987-07-30,122.9,118.9,127.3,124.7,122.9,116.5,70.73,70.2,118.4,114.2,102.1,96.8,162.3,153.8
1987-08-30,122.9,111.9,125.6,115.7,117.0,103.7,70.73,70.2,127.4,115.6,130.4,115.6,156.6,138.8
1987-09-29,123.9,105.7,131.6,113.2,117.8,97.5,70.73,70.2,115.3,97.5,92.4,76.5,175.9,145.7
1987-10-30,120.7,114.4,124.3,120.2,120.7,111.1,64.43,62.9,117.5,111.1,117.6,108.2,150.6,138.5
1987-11-29,122.6,107.6,129.7,116.8,113.0,94.8,64.43,62.9,140.7,121.6,100.8,84.5,163.5,137.1
1987-12-30,122.9,105.5,128.1,112.9,111.9,91.2,64.43,62.9,120.1,102.1,120.8,98.5,179.5,146.3
1988-01-30,123.7,104.7,131.7,113.5,114.6,93.1,64.43,62.9,118.5,99.9,88.3,71.8,191.7,155.8
1988-02-28,122.7,103.4,131.7,113.1,113.0,91.2,64.43,62.9,120.1,101.0,60.6,48.9,226.5,182.9
1988-03-30,127.0,108.1,134.7,117.7,114.6,92.8,64.43,62.9,113.7,95.5,96.1,77.7,225.0,182.0
1988-04-29,129.5,110.3,133.7,117.0,117.3,95.0,58.91,57.4,133.0,111.8,99.8,80.8,267.9,216.9
1988-05-30,126.8,104.6,131.1,111.3,117.3,91.1,58.91,57.4,120.1,97.4,64.2,49.9,320.8,249.2
1988-06-29,127.2,102.0,130.6,106.3,119.6,91.4,58.91,57.4,133.2,105.6,103.3,79.0,231.5,177.0
1988-07-30,125.5,105.2,127.2,108.8,121.5,97.4,58.91,57.4,135.3,112.5,84.0,67.3,254.5,203.9
1988-08-30,126.4,108.2,135.6,118.0,119.4,98.6,58.91,57.4,129.0,110.0,85.7,70.8,195.0,161.0
1988-09-29,125.1,112.3,131.2,120.1,121.6,105.8,58.91,57.4,149.1,134.0,65.5,57.0,215.3,187.3
1988-10-30,129.0,115.5,131.1,119.8,129.3,111.6,59.52,58.6,155.2,138.8,95.3,82.2,200.8,173.2
1988-11-29,131.8,115.1,134.3,119.8,135.1,113.0,59.52,58.6,149.2,130.3,84.4,70.6,228.3,190.9
1988-12-30,134.0,118.1,136.1,123.0,141.1,118.8,59.52,58.6,139.4,122.1,104.8,88.2,203.2,171.1
1989-01-30,131.1,117.0,134.8,123.1,141.5,121.3,59.52,58.6,150.5,133.9,71.5,61.3,198.1,169.9
1989-02-27,137.4,123.6,135.8,124.6,140.1,121.7,59.52,58.6,152.0,136.9,120.1,104.3,209.5,181.9
1989-03-30,136.5,123.1,135.2,124.5,139.2,121.1,59.52,58.6,156.7,141.0,121.7,105.9,193.7,168.6
1989-04-29,137.9,124.9,130.8,121.0,140.0,122.6,74.0,72.4,149.2,134.6,135.9,119.0,193.7,169.6
1989-05-30,137.1,124.4,132.4,122.2,141.9,125.2,74.0,72.4,150.4,135.7,123.7,109.2,181.9,160.5
1989-06-29,130.2,123.6,128.0,123.9,134.4,125.4,74.0,72.4,161.2,152.9,86.6,80.8,181.8,169.7
1989-07-30,129.9,123.6,128.0,124.6,139.0,129.3,74.0,72.4,162.3,154.0,80.1,74.6,171.9,160.0
1989-08-30,133.6,123.9,129.6,122.4,139.3,126.3,74.0,72.4,163.5,150.9,106.1,96.2,172.0,156.0
1989-09-29,134.0,123.9,133.5,125.7,141.5,128.1,74.0,72.4,164.1,150.6,92.5,83.8,162.1,146.8
1989-10-30,134.2,125.0,133.1,126.5,139.9,127.7,79.65,77.7,162.8,150.8,92.6,84.5,160.1,146.1
1989-11-29,134.0,124.7,132.9,125.9,138.4,126.2,79.65,77.7,161.2,148.9,100.0,91.2,152.2,138.8
1989-12-30,136.2,125.6,133.5,125.5,130.9,118.0,79.65,77.7,168.6,154.1,128.0,115.5,148.2,133.7
1990-01-30,138.8,126.6,135.1,125.8,132.3,117.4,79.65,77.7,160.9,144.3,147.1,130.6,148.3,131.6
1990-02-27,133.7,124.5,132.3,126.4,129.9,117.5,79.65,77.7,166.6,152.1,104.7,94.7,135.1,122.2
1990-03-30,132.3,123.9,129.6,124.1,125.3,114.8,79.65,77.7,161.4,147.6,112.7,103.2,145.3,133.1
1990-04-29,128.9,122.5,128.3,124.3,122.0,112.9,59.12,62.6,162.2,148.9,117.6,108.8,147.2,136.2
1990-05-30,124.5,119.9,123.8,121.9,118.2,110.4,59.12,62.6,155.4,144.8,106.2,99.2,144.3,134.8
1990-06-29,124.8,118.8,122.2,119.2,116.9,107.5,59.12,62.6,164.6,151.2,101.2,93.1,158.1,145.4
1990-07-30,118.7,112.4,116.0,113.3,108.7,98.5,59.12,62.6,152.5,138.8,94.4,85.5,159.1,144.1
1990-08-30,122.1,112.6,121.3,115.9,106.6,93.0,59.12,62.6,152.4,133.9,86.5,75.4,179.9,157.0
1990-09-29,115.9,105.6,113.3,106.8,104.4,90.1,59.12,62.6,144.4,127.1,94.1,81.1,160.1,138.1
1990-10-30,110.8,103.3,107.7,104.2,104.2,91.2,63.53,68.1,144.2,130.9,78.0,68.2,138.3,121.1
1990-11-29,112.3,104.8,106.9,103.7,102.7,90.0,63.53,68.1,138.5,125.9,125.5,109.9,138.3,121.2
1990-12-30,110.8,105.3,104.8,103.6,103.7,93.0,63.53,68.1,135.2,124.9,121.5,109.0,134.9,121.1
1991-01-30,110.2,105.3,99.6,99.2,106.7,96.1,63.53,68.1,140.4,130.1,133.2,120.0,139.9,126.0
1991-02-27,111.3,105.4,103.1,101.9,109.9,97.8,63.53,68.1,140.0,129.2,117.3,104.5,128.4,114.4
1991-03-30,113.3,107.4,108.6,106.6,108.2,97.5,63.53,68.1,134.1,123.4,133.7,120.5,122.5,110.4
1991-04-29,112.3,106.8,107.3,105.2,105.1,95.5,77.54,82.7,142.1,131.9,96.9,88.0,116.6,106.0
1991-05-30,111.9,106.7,103.5,101.4,103.6,94.6,77.54,82.7,135.9,126.4,146.8,134.0,120.6,110.1
1991-06-29,111.9,107.7,105.6,104.2,103.4,96.0,77.54,82.7,130.8,123.3,141.3,131.3,114.6,106.4
1991-07-30,111.4,109.0,103.1,103.4,104.1,98.2,77.54,82.7,133.0,127.9,148.5,140.2,116.6,110.0
1991-08-30,109.8,106.5,99.6,99.2,107.6,100.5,77.54,82.7,129.7,123.7,145.7,136.1,107.7,100.6
1991-09-29,112.2,108.2,104.5,103.8,111.0,102.6,77.54,82.7,121.1,114.9,137.5,127.1,109.7,101.4
1991-10-30,111.0,110.1,100.3,102.2,115.8,109.9,76.87,84.0,122.2,120.2,134.1,127.3,104.7,99.4
1991-11-29,113.5,113.2,107.1,110.4,118.2,112.5,76.87,84.0,123.0,121.6,102.8,97.8,102.8,97.8
1991-12-30,115.0,116.9,106.6,112.5,119.1,115.3,76.87,84.0,118.8,120.1,133.7,129.4,110.7,107.2
1992-01-30,119.7,123.9,111.6,119.8,123.5,122.0,76.87,84.0,118.3,122.8,143.3,141.5,121.0,119.5
1992-02-28,118.7,122.6,113.0,120.9,121.6,120.3,76.87,84.0,124.1,128.2,109.5,108.3,120.6,119.2
1992-03-30,120.4,122.5,113.2,118.6,125.5,122.7,76.87,84.0,124.4,125.6,123.3,120.6,120.1,117.4
1992-04-29,119.8,123.5,115.8,123.5,125.7,124.3,57.99,64.2,125.3,127.7,134.4,132.8,119.1,117.8
1992-05-30,118.4,124.0,112.1,122.0,129.3,129.4,57.99,64.2,130.4,135.4,113.5,113.5,119.6,119.6
1992-06-29,118.7,123.6,109.2,118.5,131.3,129.9,57.99,64.2,131.1,135.9,131.8,130.4,120.6,119.3
1992-07-30,119.8,124.4,109.1,118.8,136.8,134.2,57.99,64.2,132.2,136.3,130.9,128.5,117.4,115.2
1992-08-30,120.4,125.9,110.4,121.0,139.9,138.6,57.99,64.2,124.0,128.8,137.6,136.4,114.7,113.6
1992-09-29,122.8,127.9,114.7,124.4,139.3,137.7,57.99,64.2,135.2,141.5,140.8,139.2,105.8,104.6
1992-10-30,120.1,123.8,117.2,123.2,137.9,136.9,45.64,51.1,129.3,136.3,109.8,109.0,110.2,109.3
1992-11-29,121.2,127.6,113.8,120.4,136.5,140.4,45.64,51.1,139.0,150.8,141.7,145.7,113.2,116.4
1992-12-30,119.1,126.7,113.6,121.8,135.5,140.7,45.64,51.1,132.4,145.1,127.8,132.7,109.7,113.9
1993-01-30,119.9,128.1,113.4,121.8,135.5,141.5,45.64,51.1,131.6,144.7,146.2,152.7,109.8,114.6
1993-02-27,118.5,124.9,114.2,119.3,133.5,138.7,45.64,51.1,134.0,148.3,126.6,131.5,105.4,109.5
1993-03-30,119.9,123.7,115.9,118.3,130.1,131.6,45.64,51.1,140.1,153.3,144.3,145.9,101.8,103.0
1993-04-29,120.5,122.7,117.4,120.2,127.5,126.7,53.45,54.6,140.2,153.5,125.5,124.8,103.5,102.9
1993-05-30,122.2,123.9,120.6,122.8,124.6,123.0,53.45,54.6,146.5,161.0,130.2,128.6,104.0,102.7
1993-06-29,123.7,125.6,124.8,126.6,124.8,123.9,53.45,54.6,147.7,164.1,121.0,120.2,104.6,103.9
1993-07-30,125.4,125.4,126.8,126.1,123.8,121.1,53.45,54.6,147.5,161.8,132.7,129.8,108.7,106.3
1993-08-30,122.3,121.4,127.2,125.3,119.9,116.2,53.45,54.6,148.8,163.2,97.5,94.5,105.2,102.0
1993-09-29,119.2,119.1,126.6,126.4,118.1,114.9,53.45,54.6,138.5,151.6,80.2,78.0,100.2,97.5
1993-10-30,121.1,119.9,126.7,125.2,114.8,111.2,61.45,62.2,142.3,153.0,93.0,90.1,98.3,95.2
1993-11-29,119.5,119.0,126.6,125.7,112.4,110.0,61.45,62.2,127.1,138.7,101.9,99.8,94.2,92.2
1993-12-30,119.8,117.2,126.0,123.0,111.5,107.0,61.45,62.2,128.1,134.5,107.2,102.8,99.4,95.4
1994-01-30,118.8,115.4,126.0,121.9,112.3,106.9,61.45,62.2,121.5,127.1,91.7,87.3,106.4,101.4
1994-02-27,121.3,115.8,129.4,122.4,112.0,104.5,61.45,62.2,124.5,130.5,94.0,87.7,114.9,107.2
1994-03-30,123.9,119.0,136.7,130.2,111.3,104.3,61.45,62.2,125.1,132.3,94.7,88.7,115.5,108.2
1994-04-29,125.9,121.3,134.6,128.6,114.3,107.6,68.27,66.6,129.9,139.0,99.3,93.5,115.0,108.3
1994-05-30,125.1,117.9,132.5,124.1,112.8,103.5,68.27,66.6,127.4,132.8,103.6,95.2,119.2,109.4
1994-06-29,126.3,117.9,129.8,120.6,114.0,103.3,68.27,66.6,123.0,127.4,123.8,112.2,125.6,113.9
1994-07-30,127.8,118.1,129.8,119.2,117.4,104.7,68.27,66.6,129.3,133.9,115.0,102.6,134.2,119.7
1994-08-30,127.3,117.3,132.6,121.5,120.7,107.5,68.27,66.6,127.3,130.6,95.3,84.9,130.8,116.5
1994-09-29,129.0,118.9,135.9,124.7,121.8,108.3,68.27,66.6,125.0,128.7,93.7,83.3,140.8,125.1
1994-10-30,133.5,121.9,135.6,124.1,125.8,110.7,65.64,62.4,128.1,130.5,117.8,103.7,154.4,135.9
1994-11-29,134.0,120.1,138.0,123.6,129.7,111.9,65.64,62.4,126.5,126.5,94.5,81.6,170.4,147.1
1994-12-30,137.1,119.4,133.9,116.3,135.1,113.7,65.64,62.4,125.8,121.4,126.1,106.1,171.0,143.9
1995-01-30,141.6,122.9,137.7,119.3,138.8,116.1,65.64,62.4,128.4,123.2,134.2,112.3,184.7,154.5
1995-02-27,146.5,128.4,138.8,121.5,155.7,131.6,65.64,62.4,130.2,127.2,132.0,111.6,173.2,146.4
1995-03-30,149.5,129.8,140.0,121.2,161.9,134.3,65.64,62.4,133.8,133.2,140.1,116.2,164.2,136.2
1995-04-29,149.1,126.3,137.2,115.3,168.5,135.4,63.17,57.8,133.4,133.7,128.4,103.2,166.5,133.8
1995-05-30,147.6,124.4,134.9,112.7,173.3,139.0,63.17,57.8,127.7,127.0,118.9,95.4,158.2,126.9
1995-06-29,147.0,123.7,130.5,109.0,174.7,139.9,63.17,57.8,131.3,130.1,119.3,95.6,160.9,128.9
1995-07-30,146.6,122.4,128.7,106.8,177.9,141.4,63.17,57.8,131.3,127.4,106.6,84.8,167.6,133.3
1995-08-30,146.7,124.3,127.3,107.5,181.3,147.7,63.17,57.8,129.2,123.7,105.8,86.2,168.9,137.6
1995-09-29,146.0,123.6,128.8,108.9,179.3,146.6,63.17,57.8,128.6,120.2,104.7,85.6,158.8,129.8
1995-10-30,146.2,122.9,131.3,110.9,176.5,143.5,64.71,56.9,137.1,127.3,87.7,71.3,151.6,123.2
1995-11-29,148.1,125.6,132.9,113.2,182.0,149.5,64.71,56.9,135.9,126.8,87.6,71.9,149.3,122.6
1995-12-30,147.7,125.4,130.4,110.9,182.7,150.6,64.71,56.9,133.6,125.2,96.9,79.9,149.7,123.4
1996-01-30,145.5,121.1,129.7,108.0,177.9,144.1,64.71,56.9,132.3,119.6,97.2,78.8,142.6,115.5
1996-02-28,142.7,116.7,127.7,104.4,172.9,137.3,64.71,56.9,115.4,102.3,114.4,90.9,144.1,114.5
1996-03-30,142.1,115.2,129.1,104.5,169.7,133.6,64.71,56.9,115.2,101.2,108.4,85.3,144.6,113.8
1996-04-29,143.5,115.8,133.5,107.3,162.9,127.9,64.71,56.9,115.0,100.1,120.8,94.8,142.4,111.8
1996-05-30,144.0,115.7,137.4,109.8,158.6,124.0,64.71,56.9,120.1,104.6,109.3,85.5,143.1,111.9
1996-06-29,137.9,112.4,137.7,112.4,148.5,117.8,67.0,58.8,113.7,99.3,82.2,65.2,133.4,105.8
1996-07-30,142.4,114.2,140.2,112.5,151.9,118.1,66.72,58.4,119.3,103.1,103.0,80.1,131.3,102.1
1996-08-30,143.2,115.0,142.4,114.4,146.8,114.3,66.86,59.0,122.1,105.2,107.3,83.5,131.8,102.6
1996-09-29,143.0,113.5,144.9,115.3,146.7,112.9,67.06,58.5,118.4,100.1,105.0,80.8,125.9,96.9
1996-10-30,143.5,113.1,146.6,116.6,146.2,111.9,60.7,51.0,117.5,97.9,119.8,91.7,121.5,93.1
1996-11-29,143.0,112.0,144.4,115.3,143.4,108.2,58.41,49.0,121.4,99.7,116.3,87.7,135.0,101.9
1996-12-30,141.4,111.4,140.1,112.9,144.9,110.1,58.41,48.6,114.2,93.9,126.6,96.1,135.1,102.6
1997-01-30,141.0,111.3,138.9,112.4,145.4,111.1,58.41,47.9,112.7,91.8,123.5,94.4,141.6,108.2
1997-02-27,141.8,112.7,141.3,115.0,146.3,113.5,58.41,47.4,113.0,91.6,117.8,91.3,142.2,110.3
1997-03-30,142.7,112.3,143.2,115.1,142.9,109.8,58.41,46.9,112.9,90.7,131.3,100.9,146.7,112.7
1997-04-29,140.8,111.6,140.1,113.9,136.8,105.9,58.41,46.9,120.7,96.6,134.2,103.9,139.9,108.3
1997-05-30,139.9,111.4,139.4,113.6,135.9,105.4,58.41,47.1,120.9,99.3,123.7,95.9,145.5,112.8
1997-06-29,139.4,112.0,137.1,112.6,134.4,104.8,60.32,48.4,123.6,104.4,127.1,99.1,140.9,109.9
1997-07-30,137.3,114.2,133.7,114.3,132.5,107.2,60.8,48.8,123.6,107.9,118.4,95.8,144.2,116.7
1997-08-30,137.9,117.2,135.0,117.5,132.4,110.5,61.27,49.2,123.1,109.5,110.3,92.0,154.0,128.6
1997-09-29,135.6,116.2,130.7,114.9,136.1,114.7,61.74,50.4,120.0,106.6,99.1,83.5,145.5,122.6
1997-10-30,137.3,118.8,127.9,113.1,142.5,120.1,64.51,57.5,122.2,108.3,100.5,84.6,143.9,121.2
1997-11-29,136.0,120.1,127.3,116.1,144.3,123.9,62.63,56.7,120.3,107.1,87.4,75.1,144.0,123.7
1997-12-30,134.0,123.9,123.0,117.7,144.9,131.3,62.63,57.3,120.1,110.9,86.8,78.7,137.2,124.4
1998-01-30,131.3,123.7,117.0,113.9,144.6,134.0,62.63,57.4,115.4,108.8,93.0,86.2,133.9,124.1
1998-02-27,129.7,121.7,113.5,109.9,142.0,130.8,62.63,57.2,118.2,112.1,96.3,88.8,132.8,122.4
1998-03-30,128.4,122.2,113.0,111.5,137.3,128.4,62.63,57.5,117.2,111.7,103.0,96.3,129.6,121.2
1998-04-29,127.9,126.0,110.9,113.8,137.2,132.9,62.63,58.8,116.5,113.9,109.0,105.6,129.0,125.0
1998-05-30,125.8,127.1,110.5,116.6,135.2,134.5,62.63,60.3,113.3,112.6,104.7,104.1,122.3,121.7
1998-06-29,123.7,131.2,105.3,116.5,134.2,140.9,63.07,62.3,117.1,121.0,105.2,110.6,117.1,123.0
1998-07-30,122.4,127.7,102.6,111.6,134.0,138.5,62.75,61.3,113.6,115.5,108.9,112.6,117.7,121.6
1998-08-30,120.6,129.7,98.0,109.8,134.9,144.0,62.92,62.8,111.0,115.3,109.3,116.7,118.9,126.9
1998-09-29,120.7,130.3,102.3,115.5,132.0,140.2,62.94,64.3,105.4,111.9,107.7,114.3,120.6,128.1
1998-10-30,118.7,125.3,103.2,113.1,128.9,132.3,58.6,62.4,102.5,110.2,104.4,107.1,118.0,121.1
1998-11-29,120.2,123.8,102.2,108.7,128.9,129.4,58.88,61.0,102.5,108.1,127.0,127.5,116.8,117.3
1998-12-30,116.8,123.0,98.8,107.4,129.2,132.3,58.88,62.0,102.5,111.2,106.6,109.2,111.7,114.5
1999-01-30,120.1,122.8,99.1,104.1,129.0,128.3,58.88,60.5,103.6,110.7,142.9,142.0,110.4,109.8
1999-02-27,118.5,119.6,99.3,102.8,126.2,124.3,58.88,59.1,103.1,108.1,135.0,132.9,107.3,105.7
1999-03-30,118.3,121.7,100.0,105.5,123.7,124.7,58.88,58.9,103.3,110.0,143.2,144.3,106.3,107.2
1999-04-29,117.9,118.6,101.4,104.5,117.0,115.5,58.88,57.7,105.3,109.8,148.1,146.1,113.4,111.9
1999-05-30,119.8,118.4,103.9,105.3,114.8,111.4,59.05,57.1,108.1,110.2,162.5,157.6,118.4,114.8
1999-06-29,119.0,121.6,104.2,108.9,114.2,114.9,59.81,58.2,111.0,117.8,140.6,141.6,118.3,119.1
1999-07-30,121.0,124.8,108.6,114.1,113.4,115.5,60.14,58.8,118.2,127.4,117.7,119.8,126.2,128.5
1999-08-30,122.3,126.9,113.7,120.6,113.3,115.4,60.82,60.2,109.3,119.5,117.5,119.7,128.0,130.4
1999-09-29,122.0,127.7,110.3,118.1,114.9,117.9,60.97,60.3,109.0,122.0,117.3,120.3,134.0,137.4
1999-10-30,122.8,131.6,110.5,121.2,114.9,119.7,61.43,65.6,108.5,123.6,135.7,141.3,132.5,138.0
1999-11-29,124.8,133.6,112.7,123.1,116.9,122.2,61.11,63.3,106.8,122.7,148.2,155.0,133.1,139.2
1999-12-30,126.2,136.7,110.7,121.8,119.2,125.5,61.11,68.4,112.1,130.3,152.5,160.6,139.6,146.9
2000-01-30,128.1,136.9,111.2,121.7,122.6,128.0,61.11,62.0,111.8,127.9,145.0,151.4,150.5,157.1
2000-02-28,129.9,143.9,112.7,127.5,123.5,134.7,60.95,62.6,114.7,135.3,153.5,167.5,150.4,164.1
2000-03-30,130.0,143.9,112.1,126.2,121.7,132.9,63.83,64.4,113.6,135.4,170.9,186.6,142.6,155.7
2000-04-29,128.1,139.9,109.5,121.9,122.6,132.3,66.26,64.9,112.5,132.9,159.3,171.8,131.8,142.2
2000-05-30,128.6,146.7,111.3,128.5,124.7,142.0,64.65,63.9,110.3,136.2,154.8,176.2,131.9,150.2
2000-06-29,130.8,150.4,109.9,127.2,134.2,153.0,61.14,63.4,112.3,140.0,149.5,170.5,134.7,153.6
2000-07-30,133.7,156.4,111.4,131.4,139.5,162.1,64.12,67.2,110.7,139.8,146.6,170.4,140.0,162.7
2000-08-30,133.3,160.4,113.3,137.1,140.8,169.0,59.82,62.3,110.1,143.4,140.4,168.6,136.9,164.4
2000-09-29,134.2,171.2,114.5,145.6,143.4,184.0,59.21,63.4,108.2,151.3,132.1,169.5,143.4,184.1
2000-10-30,134.8,179.3,114.7,152.6,147.2,197.1,58.65,64.4,107.7,156.2,132.1,176.9,133.8,179.2
2000-11-29,135.1,179.7,114.0,150.8,148.3,198.9,58.65,64.4,106.5,154.6,140.5,188.5,132.1,177.1
2000-12-30,136.0,169.0,115.1,143.1,147.8,184.3,58.65,62.7,107.0,142.9,140.5,175.2,139.9,174.5
2001-01-30,136.1,163.9,118.2,142.8,146.3,176.3,58.65,63.6,101.1,128.0,141.2,170.1,143.6,173.0
2001-02-27,139.1,170.8,122.6,150.5,145.9,179.9,63.21,68.7,106.0,137.7,137.0,168.8,143.8,177.3
2001-03-30,143.8,182.5,131.9,167.5,147.0,188.1,63.21,70.5,113.8,151.3,134.8,172.4,136.4,174.4
2001-04-29,144.8,188.9,129.7,169.4,148.0,195.2,67.51,76.2,120.7,164.5,128.4,169.4,135.6,178.8
2001-05-30,147.5,185.1,128.5,161.3,151.9,193.0,66.34,70.7,130.0,171.8,131.8,167.5,138.7,176.2
2001-06-29,145.5,184.9,125.5,159.0,153.0,197.7,63.44,67.0,127.9,171.7,134.7,174.1,132.4,171.1
2001-07-30,142.3,183.6,125.9,162.5,153.0,200.7,65.52,70.8,110.2,149.0,133.1,174.6,129.3,169.6
2001-08-30,142.6,175.8,130.6,161.0,150.9,187.6,63.11,67.7,108.8,140.8,132.6,164.8,127.1,158.0
2001-09-29,143.2,180.8,135.2,169.7,149.7,191.5,63.87,71.3,105.6,138.9,131.6,168.4,123.1,157.5
2001-10-30,139.9,179.6,129.5,166.7,148.0,191.5,63.87,71.8,104.4,140.1,133.3,172.5,116.5,150.7
2001-11-29,133.6,169.9,124.7,159.0,133.9,172.4,63.65,69.7,101.9,135.4,130.8,168.4,120.2,154.7
2001-12-30,130.3,165.6,121.4,155.0,127.7,164.6,63.65,70.1,100.4,131.3,130.6,168.3,121.5,156.6
2002-01-30,131.4,163.7,125.4,157.1,123.6,156.4,63.65,68.2,103.3,131.7,131.6,166.4,123.6,156.3
2002-02-27,132.4,166.4,128.9,162.9,122.4,156.6,63.65,67.9,104.3,134.2,133.4,170.6,123.4,157.9
2002-03-30,131.1,160.0,134.5,164.9,113.5,140.8,63.65,66.3,103.4,130.2,135.1,167.6,126.5,156.9
2002-04-29,130.9,156.2,135.1,162.1,110.6,133.9,65.68,67.4,107.7,133.0,136.0,164.6,123.6,149.6
2002-05-30,128.5,148.1,133.8,154.8,104.2,121.1,67.36,68.7,111.5,134.4,136.2,158.3,121.2,140.8
2002-06-29,127.4,138.9,134.0,146.7,98.8,108.0,68.46,68.5,116.3,133.4,136.3,149.0,122.3,133.7
2002-07-30,126.7,142.1,133.7,151.1,97.1,108.2,67.79,71.9,117.9,139.9,137.0,152.6,120.5,134.3
2002-08-30,127.1,147.3,131.6,153.5,100.2,115.6,68.2,73.7,119.6,146.2,136.9,158.0,116.5,134.5
2002-09-29,128.4,147.0,131.7,152.3,103.5,118.0,66.52,71.3,119.6,143.8,136.8,156.0,117.3,133.8
2002-10-30,132.5,148.2,132.4,149.9,113.5,126.6,67.44,70.7,118.8,138.5,136.6,152.3,118.1,131.8
2002-11-29,134.6,146.2,132.1,145.1,119.3,128.9,67.81,70.2,116.3,132.3,135.0,145.7,123.7,133.6
2002-12-30,136.0,143.8,133.3,142.8,122.6,128.7,67.81,69.5,113.8,125.8,136.2,143.0,123.8,130.0
2003-01-30,139.1,139.7,136.0,138.6,129.4,128.4,67.81,68.5,109.8,115.3,136.7,135.8,124.3,123.4
2003-02-27,140.3,137.4,135.8,134.7,131.5,127.2,67.81,67.7,111.4,114.0,137.4,133.0,127.1,123.0
2003-03-30,140.0,136.7,135.3,133.4,130.9,126.5,67.81,67.8,112.8,115.4,137.8,133.2,124.4,120.3
2003-04-29,138.3,135.7,131.7,130.3,129.6,125.9,71.66,72.4,112.6,115.4,136.5,132.6,120.3,116.9
2003-05-30,138.9,131.7,131.7,126.2,129.8,120.6,74.76,76.9,111.5,110.5,134.8,125.4,126.1,117.3
2003-06-29,138.0,130.2,129.9,124.4,129.8,119.7,73.84,76.2,110.9,109.1,133.2,122.9,127.2,117.4
2003-07-30,138.9,129.3,132.2,124.6,130.3,119.2,73.09,72.8,109.8,107.0,134.5,123.0,128.2,117.3
2003-08-30,140.3,131.0,136.5,128.7,130.3,120.0,70.87,69.7,110.3,108.0,134.8,124.2,130.0,119.7
2003-09-29,143.3,133.9,140.7,132.6,134.4,123.4,69.74,68.8,112.5,111.4,135.2,124.2,127.5,117.1
2003-10-30,147.9,135.9,142.9,133.3,143.1,127.7,69.87,69.9,113.7,111.7,138.0,123.2,133.0,118.7
2003-11-29,151.0,132.9,148.8,133.3,145.5,124.2,70.03,67.0,114.1,107.7,136.9,116.9,136.1,116.2
2003-12-30,151.1,130.3,146.2,129.1,146.7,121.6,70.99,69.1,115.2,106.4,135.7,112.6,140.2,116.3
2004-01-30,154.6,129.3,147.5,127.6,151.9,121.2,70.99,68.4,120.6,107.6,136.2,108.6,144.9,115.6
2004-02-28,157.1,128.0,146.6,124.4,155.6,120.6,70.99,66.6,126.4,109.5,138.1,107.0,151.7,117.5
2004-03-30,158.8,134.0,146.6,126.9,156.9,127.3,70.99,67.7,134.0,121.3,140.9,114.3,149.4,121.2
2004-04-29,163.1,141.6,151.1,134.3,158.1,132.3,76.42,73.4,136.2,127.3,149.1,124.8,155.4,130.1
2004-05-30,166.2,150.1,157.6,145.5,161.4,140.7,70.64,70.8,139.4,135.1,153.9,134.2,146.6,127.8
2004-06-29,171.7,152.3,163.9,149.3,168.3,143.7,71.0,70.4,141.6,134.7,155.3,132.5,151.4,129.2
2004-07-30,172.5,148.8,163.5,144.9,171.9,142.5,69.16,67.4,138.8,128.3,160.2,132.8,153.7,127.3
2004-08-30,174.2,148.3,167.3,146.0,171.9,140.9,69.17,66.2,138.2,126.1,165.2,135.5,152.2,124.8
2004-09-29,174.5,147.4,167.5,144.6,173.6,141.3,66.81,63.6,135.5,122.8,168.1,136.8,155.8,126.8
2004-10-30,175.4,143.2,166.1,138.5,179.2,140.8,66.79,62.7,129.2,113.2,170.2,133.8,163.6,128.6
2004-11-29,176.0,141.0,166.0,135.8,184.3,141.5,66.62,63.5,123.9,106.6,170.3,130.7,163.4,125.5
2004-12-30,174.8,137.5,163.2,131.7,186.8,140.2,65.81,63.3,117.5,98.9,170.6,128.0,166.9,125.2
2005-01-30,176.2,140.3,163.3,133.0,190.6,145.2,65.81,62.8,118.9,101.7,170.6,130.0,165.1,125.8
2005-02-27,178.6,139.9,166.5,133.2,191.7,143.9,65.81,61.5,121.1,101.9,172.5,129.5,169.4,127.1
2005-03-30,180.1,138.3,168.2,132.1,191.7,140.7,65.81,61.1,122.1,100.4,173.2,127.0,178.4,130.9
2005-04-29,180.3,140.6,169.1,135.6,191.1,142.5,67.97,62.8,123.4,103.0,171.8,128.1,170.1,126.9
2005-05-30,180.9,140.6,171.8,137.0,191.1,142.5,73.13,66.3,120.9,101.0,169.7,126.6,157.0,117.1
2005-06-29,179.7,140.8,169.8,136.2,191.1,144.5,71.5,63.0,121.3,102.6,168.8,127.7,156.3,118.3
2005-07-30,178.9,145.6,170.3,141.1,191.1,150.8,66.38,60.5,120.3,105.9,168.7,133.2,160.5,126.7
2005-08-30,177.3,141.7,166.8,136.2,191.6,147.8,62.08,56.3,120.3,103.6,168.6,130.0,168.4,129.9
2005-09-29,175.7,139.7,164.7,133.9,191.6,146.9,59.06,53.2,121.0,103.6,167.5,128.5,165.4,126.8
2005-10-30,174.9,138.7,162.3,131.2,191.4,147.0,57.18,50.6,121.2,103.6,167.4,128.6,173.5,133.2
2005-11-29,173.5,138.9,158.5,129.3,189.3,147.2,57.38,50.4,120.9,104.3,165.6,128.8,184.5,143.5
2005-12-30,172.9,137.0,154.1,124.4,187.7,144.4,57.22,50.0,122.6,104.7,165.1,127.0,201.9,155.3
2006-01-30,172.7,139.0,153.5,125.9,184.8,144.1,56.91,51.5,123.4,107.0,163.7,127.6,213.9,166.7
2006-02-27,172.5,142.2,151.2,127.8,184.8,147.3,56.91,51.9,126.0,111.4,163.4,130.2,220.6,175.8
2006-03-30,169.8,148.4,146.1,130.7,182.3,154.0,56.91,55.3,127.2,119.4,163.8,138.4,218.9,185.0
2006-04-29,172.3,154.0,145.6,133.0,180.8,156.0,65.82,66.7,128.5,123.1,165.5,142.8,235.7,203.4
2006-05-30,176.4,156.6,146.5,133.2,174.7,148.4,84.22,87.4,131.9,125.0,167.1,142.0,256.1,217.6
2006-06-29,175.1,158.2,147.7,136.6,174.7,151.4,81.91,86.0,133.9,129.2,168.1,145.7,224.6,194.6
2006-07-30,176.1,159.7,150.3,139.7,174.2,151.4,80.77,85.3,135.1,130.6,169.1,147.0,226.3,196.7
2006-08-30,177.1,157.1,152.5,139.3,172.1,145.6,84.57,87.8,136.3,128.3,169.3,143.2,222.0,187.9
2006-09-29,178.6,153.3,154.2,136.4,174.7,143.2,84.16,84.2,137.3,125.1,166.3,136.3,223.8,183.5
2006-10-30,179.0,151.8,151.4,132.1,178.2,144.7,84.21,82.7,136.3,122.8,165.4,134.3,238.7,193.9
2006-11-29,182.7,153.7,151.3,131.3,192.7,154.5,83.98,83.0,132.7,118.2,164.0,131.5,243.1,194.9
2006-12-30,189.2,154.4,151.7,128.3,210.5,162.9,84.33,82.6,134.0,115.2,166.9,129.2,253.4,196.1
2007-01-30,191.8,155.6,150.1,126.2,220.8,170.4,85.46,82.1,135.2,115.7,168.4,130.0,248.8,192.1
2007-02-27,195.3,158.9,149.3,126.1,231.4,178.8,85.03,82.3,137.6,117.8,169.7,131.2,253.1,195.6
2007-03-30,198.8,161.0,147.5,124.2,244.4,187.7,85.14,82.9,144.1,122.9,167.0,128.3,246.9,189.6
2007-04-29,208.8,161.1,148.2,119.1,270.0,197.2,85.79,81.1,154.2,125.0,166.4,121.5,254.1,185.6
2007-05-30,213.6,165.0,147.3,118.3,283.5,207.4,87.72,83.1,160.0,129.6,168.4,123.2,253.1,185.2
2007-06-29,226.6,169.2,151.2,117.5,323.3,228.9,85.7,78.0,163.6,128.1,171.2,121.2,241.7,171.2
2007-07-30,237.0,171.0,153.3,115.5,351.3,239.6,85.41,76.5,168.9,127.4,174.0,118.7,246.8,168.3
2007-08-30,240.6,188.1,153.0,124.8,367.4,271.8,84.79,81.8,169.1,138.9,178.8,132.2,226.8,167.8
2007-09-29,241.2,190.7,154.4,127.5,371.4,277.4,82.51,82.0,167.5,139.1,181.0,135.2,216.0,161.3
2007-10-30,245.0,183.2,157.9,123.3,381.2,268.7,82.41,79.1,163.2,127.8,181.1,127.7,220.5,155.4
2007-11-29,246.9,184.7,158.6,124.8,388.7,272.8,81.67,80.6,157.4,123.2,182.8,128.3,226.0,158.6
2007-12-30,246.0,182.4,159.8,124.0,386.5,269.3,81.99,79.7,156.3,121.4,185.2,129.0,214.7,149.6
2008-01-30,242.8,179.3,161.9,124.0,370.0,257.1,81.67,80.0,156.4,121.7,188.6,131.1,221.6,154.0
2008-02-28,245.6,175.4,164.3,121.7,364.7,245.3,81.67,77.6,157.3,118.5,190.6,128.2,250.8,168.7
2008-03-30,250.7,179.2,166.8,123.9,368.5,246.5,81.67,81.1,157.7,119.0,205.2,137.2,271.3,181.4
2008-04-29,249.8,181.1,172.6,129.7,353.4,239.6,84.0,86.0,157.1,120.0,208.9,141.6,267.6,181.4
2008-05-30,252.1,185.6,178.1,135.7,349.7,241.2,93.06,95.6,153.8,119.2,211.7,146.0,261.9,180.6
2008-06-29,252.1,189.5,181.3,141.2,346.4,243.9,90.3,94.7,150.1,118.4,213.4,150.3,267.3,188.3
2008-07-30,256.6,194.8,189.8,149.5,347.2,246.4,90.36,96.8,148.0,117.7,214.3,152.1,276.5,196.2
2008-08-30,247.9,198.6,189.6,156.5,323.2,244.3,90.61,98.3,146.8,124.0,216.0,163.2,248.9,188.1
2008-09-29,235.0,196.3,183.9,156.7,289.9,230.5,91.17,99.9,145.0,129.2,218.0,173.3,227.5,180.9
2008-10-30,217.7,197.6,168.9,154.6,264.4,231.6,92.49,103.7,137.6,136.1,218.6,191.5,191.6,167.8
2008-11-29,201.9,195.1,159.2,151.1,234.2,222.5,92.68,107.2,128.7,139.0,217.2,206.4,167.5,159.2
2008-12-30,187.7,183.9,152.1,145.5,206.2,198.2,92.59,114.6,124.3,137.0,211.9,203.7,135.8,130.5
2009-01-30,179.5,175.8,154.5,146.2,180.6,175.5,92.59,114.4,115.7,129.3,204.1,198.4,128.1,124.5
2009-02-27,171.2,179.2,148.6,150.5,169.7,176.7,92.59,118.1,110.9,132.1,198.6,206.8,120.7,125.7
2009-03-30,172.8,172.8,152.0,142.2,174.3,175.9,92.59,117.0,103.8,119.2,191.7,193.4,120.7,121.9
2009-04-29,177.0,168.0,158.0,145.9,178.8,168.1,91.49,108.7,103.3,110.4,186.1,175.0,129.3,121.6
2009-05-30,181.0,164.8,162.2,145.4,187.7,167.9,83.5,97.5,104.1,106.2,176.7,158.0,132.2,118.3
2009-06-29,180.5,155.9,163.2,140.7,181.8,152.8,80.9,91.3,111.5,106.9,171.8,144.5,142.4,119.7
2009-07-30,181.8,155.7,162.9,139.2,183.3,152.7,78.45,88.1,114.5,109.1,168.0,140.0,150.7,125.6
2009-08-30,189.8,154.9,166.2,135.7,192.2,152.6,76.05,82.4,121.3,110.0,170.2,135.1,173.7,137.9
2009-09-29,203.9,159.6,171.5,133.8,223.2,170.1,74.8,79.4,125.4,109.6,170.2,129.7,165.6,126.2
2009-10-30,213.0,158.8,171.6,127.3,241.6,175.5,71.24,73.4,135.8,113.1,171.6,124.7,169.0,122.8
2009-11-29,236.7,178.6,175.2,132.5,293.7,215.6,71.24,74.7,139.9,117.9,171.2,125.7,176.3,129.4
2009-12-30,242.7,186.0,173.8,132.9,303.6,227.2,71.24,74.4,143.6,123.2,169.1,126.5,196.7,147.1
2010-01-30,244.1,183.8,181.2,136.0,298.0,219.5,71.24,71.8,147.3,124.2,170.6,125.7,200.9,147.9
2010-02-27,242.3,188.9,194.0,149.7,277.3,213.0,71.24,71.7,148.1,130.6,172.2,132.3,185.0,142.1
2010-03-30,247.3,190.1,201.8,151.9,273.0,208.0,71.24,70.6,156.6,136.9,178.2,135.8,199.3,151.9
2010-04-29,263.9,200.4,205.4,153.9,296.9,223.5,92.59,89.6,162.8,139.8,181.1,136.3,208.4,156.9
2010-05-30,266.4,203.6,207.2,154.8,307.8,235.7,89.3,82.4,164.9,144.4,183.1,140.2,184.1,141.0
2010-06-29,262.5,202.6,206.3,156.3,298.4,231.1,87.44,79.4,164.3,145.9,189.0,146.4,174.0,134.7
2010-07-30,257.3,195.0,206.4,154.3,281.5,212.1,84.1,77.4,163.0,141.9,198.4,149.5,179.3,135.1
2010-08-30,254.7,192.9,210.6,158.2,270.0,202.4,83.2,77.1,157.9,137.5,198.3,148.6,189.3,141.9
2010-09-29,261.9,195.1,218.9,161.2,282.4,208.3,83.77,77.2,150.8,129.6,206.8,152.5,195.8,144.4
2010-10-30,269.5,195.9,228.9,164.5,289.3,206.6,83.45,79.2,151.6,126.6,210.3,150.1,211.0,150.7
2010-11-29,275.1,193.8,240.3,166.9,292.1,202.9,82.32,74.9,153.0,124.0,211.2,146.7,209.2,145.4
2010-12-30,279.2,201.4,248.9,177.7,293.4,209.1,82.32,74.4,152.2,126.0,213.7,152.3,211.7,150.9
2011-01-30,290.9,206.8,259.2,182.9,314.2,220.1,82.32,73.7,153.6,125.1,214.8,150.5,219.5,153.8
2011-02-27,298.6,212.8,266.1,186.7,325.7,229.0,82.32,75.7,155.9,127.4,215.6,151.6,226.5,159.2
2011-03-30,312.7,230.0,276.6,200.7,349.0,252.5,82.32,79.8,162.2,136.8,216.6,156.6,230.2,166.5
2011-04-29,316.1,219.9,289.1,199.3,340.1,231.7,84.21,79.5,169.6,134.3,216.0,147.1,240.1,163.5
2011-05-30,315.2,216.7,287.1,196.2,335.6,225.7,89.05,82.3,173.0,135.8,216.4,145.5,232.3,156.2
2011-06-29,312.2,210.0,283.6,188.8,333.4,219.6,84.75,76.8,173.1,133.3,216.7,142.7,230.3,151.7
2011-07-30,310.4,201.4,289.2,186.0,327.3,207.7,84.41,73.3,169.0,126.0,218.9,138.9,227.4,144.3
2011-08-30,301.8,198.0,286.6,186.7,312.9,200.1,84.48,74.2,162.3,123.1,222.6,142.4,214.6,137.3
2011-09-29,299.4,201.0,285.8,189.2,310.4,204.6,83.96,73.0,160.2,125.0,223.6,147.4,206.6,136.2
2011-10-30,291.5,201.6,282.3,192.3,296.0,201.1,84.29,75.2,157.9,127.1,223.6,151.9,196.4,133.5
2011-11-29,288.4,203.8,279.1,194.8,295.8,205.5,83.55,75.4,153.0,125.6,223.6,155.3,187.5,130.2
2011-12-30,286.4,202.8,278.5,195.7,295.3,205.6,83.04,72.9,148.7,122.5,223.6,155.6,182.0,126.7
2012-01-30,290.1,197.1,279.7,187.3,301.1,202.1,83.04,68.8,149.4,118.8,223.6,150.0,193.8,130.0
2012-02-28,289.7,189.0,279.7,180.6,298.9,192.1,83.04,67.6,152.4,115.3,214.6,137.9,199.1,128.0
2012-03-30,284.9,188.7,278.0,182.9,288.8,188.6,83.04,68.7,152.9,116.1,213.6,139.5,196.9,128.6
2012-04-29,272.2,181.1,258.9,171.6,273.0,178.8,84.26,69.6,153.2,117.1,213.2,139.7,184.7,121.0
2012-05-30,260.3,182.4,246.0,172.0,251.3,173.6,91.21,77.4,151.6,122.7,213.6,147.6,180.7,124.8
2012-06-29,254.0,176.2,242.7,166.4,241.5,166.1,89.59,74.0,152.9,123.3,206.1,141.8,170.0,116.9
2012-07-30,253.2,171.3,239.0,160.3,243.2,163.3,89.66,70.9,151.6,119.2,206.1,138.4,169.2,113.6
2012-08-30,254.5,169.9,238.2,157.7,248.8,164.6,89.72,70.4,149.2,115.6,206.1,136.4,166.3,110.0
2012-09-29,263.3,174.9,237.2,156.7,266.8,174.8,89.99,72.6,149.5,114.9,206.2,135.1,185.5,121.6
2012-10-30,267.0,176.9,237.9,156.7,274.9,179.7,91.54,74.3,151.2,115.6,206.2,134.8,178.1,116.4
2012-11-29,269.4,178.5,241.2,159.2,278.1,181.9,91.57,73.6,152.3,116.0,206.5,135.1,175.7,114.9
2012-12-30,271.8,178.1,246.0,161.5,278.2,179.5,91.25,73.9,152.8,113.9,206.5,133.2,187.9,121.2
2013-01-30,272.6,177.1,246.0,160.1,279.5,179.1,91.25,74.3,155.1,113.5,206.5,132.3,183.8,117.8
2013-02-27,275.5,177.8,247.1,158.4,284.6,181.8,91.25,74.6,155.9,112.7,207.4,132.5,185.1,118.3
2013-03-30,295.7,192.7,250.9,162.0,330.1,213.8,91.25,73.4,157.8,115.3,207.4,134.3,172.3,111.6
2013-04-29,333.0,212.3,251.3,158.9,414.8,262.6,91.49,72.2,162.5,115.3,208.4,131.9,167.8,106.2
2013-05-30,327.8,213.8,247.9,160.0,395.8,256.7,99.27,80.1,172.3,124.7,214.1,138.9,165.5,107.3
2013-06-29,315.6,215.6,243.2,164.7,369.3,250.3,100.92,86.4,172.6,131.4,217.7,147.5,163.7,110.9
2013-07-30,317.7,217.0,248.3,167.4,371.6,252.5,99.42,84.7,173.4,131.7,216.9,147.4,159.8,108.6
2013-08-30,320.1,218.5,248.9,168.3,376.2,254.7,99.83,86.2,172.7,131.3,217.4,147.2,163.8,110.9
2013-09-29,323.5,215.5,256.7,170.4,379.4,250.3,99.91,84.3,172.9,127.7,217.4,143.4,158.9,104.8
2013-10-30,327.8,213.3,265.6,172.8,382.6,245.8,98.43,82.6,174.0,125.5,218.1,140.2,163.8,105.3
2013-11-29,326.9,214.3,270.1,177.1,377.4,244.7,97.81,81.9,173.9,126.0,224.2,145.4,157.7,102.2
2013-12-30,330.2,218.1,263.9,175.1,388.7,253.5,97.81,83.7,175.0,126.6,226.1,147.4,156.9,102.3
2014-01-30,334.1,219.3,264.5,174.9,396.5,257.0,97.81,82.8,176.8,127.1,226.1,146.6,156.0,101.1
2014-02-27,337.2,221.2,266.4,175.9,402.2,260.3,97.81,82.8,178.8,128.8,225.8,146.1,152.9,99.0
2014-03-30,337.0,215.3,282.6,182.3,387.9,244.0,97.81,81.4,179.4,125.6,228.9,144.0,153.9,96.8
2014-04-29,324.6,205.2,284.3,181.7,352.3,219.1,97.81,80.4,180.3,124.8,231.4,143.9,163.4,101.6
2014-05-30,318.8,201.7,286.3,183.5,336.5,209.3,99.96,81.9,179.9,124.7,231.8,144.2,157.9,98.2
2014-06-29,315.6,199.4,289.5,185.6,328.6,204.2,100.06,81.0,173.8,120.3,231.8,144.1,165.9,103.1
2014-07-30,307.6,192.3,299.7,190.6,302.6,185.8,99.21,79.2,168.8,115.6,231.8,142.3,175.0,107.4
2014-08-30,296.8,191.1,311.9,203.5,266.9,169.4,96.46,78.2,166.8,117.7,231.8,147.1,181.8,115.4
2014-09-29,292.9,194.1,322.1,215.4,250.8,164.8,94.38,76.7,166.5,120.5,231.8,152.4,179.3,117.9
2014-10-30,290.3,198.5,312.7,215.3,250.6,170.6,99.0,81.8,165.9,124.1,231.7,157.7,175.6,119.5
2014-11-29,286.1,195.6,309.5,213.1,239.6,164.0,100.46,82.2,166.6,123.4,231.7,158.6,184.6,126.4
2014-12-30,273.4,188.1,290.7,201.4,224.4,155.1,101.16,82.5,166.5,123.7,231.7,160.2,171.9,118.8
2015-01-30,272.6,188.4,288.3,199.7,226.7,158.5,103.06,80.5,164.8,124.0,231.7,162.0,163.1,114.1
2015-02-27,284.0,206.7,272.8,199.1,253.7,187.3,103.06,82.4,163.7,130.2,228.9,168.9,163.9,120.9
2015-03-30,296.9,209.9,275.5,195.8,277.0,199.0,103.06,76.9,161.1,124.0,226.6,162.7,159.7,114.7
2015-04-29,274.9,191.0,281.9,196.0,235.0,166.3,105.12,76.7,161.5,122.7,224.6,159.0,162.1,114.8
2015-05-30,261.6,185.5,273.8,195.9,215.5,154.8,103.72,80.1,160.9,124.1,225.0,161.7,163.1,117.2
2015-06-29,253.4,191.0,264.5,201.5,206.1,157.5,103.71,85.3,160.8,131.0,225.0,172.0,152.6,116.6
2015-07-30,239.5,189.9,264.5,212.2,184.7,148.6,102.32,86.8,155.9,133.7,223.6,179.9,148.4,119.4
2015-08-30,226.9,183.3,268.2,219.4,166.0,136.1,100.77,87.9,146.3,127.5,223.5,183.3,139.9,114.8
2015-09-29,239.5,199.5,261.7,219.4,191.0,161.5,100.47,91.3,145.3,131.3,222.7,188.2,143.7,121.5
2015-10-30,256.6,202.7,254.6,202.4,225.3,180.5,100.51,86.8,144.6,123.8,219.6,175.9,136.7,109.5
2015-11-29,242.3,193.6,246.3,198.2,204.1,166.2,99.91,83.9,144.8,125.4,219.6,178.7,132.5,107.9
2015-12-30,238.0,186.0,244.2,191.4,196.9,156.8,96.33,79.8,147.9,125.6,219.6,174.9,134.7,107.3
2016-01-30,232.4,185.4,238.5,189.5,188.4,153.6,93.97,79.8,149.6,131.2,219.6,179.1,133.4,108.8
2016-02-28,233.5,185.3,249.1,196.4,183.6,148.7,93.97,80.8,149.6,131.2,220.7,178.7,136.9,110.9
2016-03-30,230.5,179.8,254.1,196.1,175.5,139.7,93.97,79.6,148.5,128.5,217.1,172.9,136.9,109.0
2016-04-29,228.8,174.8,252.0,190.3,172.7,134.3,94.36,79.7,147.4,125.4,217.1,168.8,141.4,109.9
2016-05-30,231.1,179.1,255.7,196.4,172.5,135.9,99.48,84.9,148.7,128.4,219.5,172.9,140.1,110.3
2016-06-29,239.2,179.3,262.4,193.9,180.8,138.0,101.64,83.4,151.3,127.5,237.4,181.3,143.4,109.5
2016-07-30,244.2,178.9,267.5,190.5,188.1,141.5,101.43,80.8,149.8,124.7,237.9,178.9,146.5,110.2
2016-08-30,252.1,182.3,270.6,189.7,203.7,151.1,98.38,78.3,148.6,122.6,241.9,179.5,147.5,109.4
2016-09-29,264.9,189.4,265.4,183.7,234.3,171.7,98.51,77.5,147.7,120.4,241.9,177.4,143.2,105.0
2016-10-30,266.9,193.5,264.3,182.7,237.8,178.2,99.11,78.5,148.0,122.8,241.9,181.3,149.6,112.1
2016-11-29,275.3,199.5,265.8,184.6,251.7,188.7,100.98,78.4,148.6,122.3,247.5,185.6,155.9,116.9
2016-12-30,277.3,203.6,255.3,179.6,261.5,199.4,101.43,78.1,149.5,123.5,248.0,189.1,154.9,118.2
2017-01-30,276.8,200.9,257.8,178.9,260.5,196.0,101.43,77.6,150.3,122.7,250.1,188.1,159.9,120.3
2017-02-27,290.3,202.4,300.7,184.8,263.5,195.5,101.43,76.7,152.6,123.4,248.8,184.6,166.8,123.7
2017-03-30,291.5,209.5,312.1,196.8,258.8,198.0,101.43,79.4,154.3,128.7,240.4,183.9,171.2,131.0
2017-04-29,290.9,210.4,318.1,202.2,252.2,193.9,102.04,80.4,155.3,130.9,240.4,184.8,172.5,132.7
2017-05-30,300.1,219.0,324.4,209.0,261.7,201.8,114.41,93.4,156.5,131.8,241.4,186.2,171.8,132.5
2017-06-29,306.4,215.4,333.2,206.4,269.3,199.6,116.02,92.5,157.2,127.6,247.1,183.2,169.2,125.4
2017-07-30,304.1,210.6,322.1,197.1,273.1,198.8,109.55,87.9,158.8,126.2,247.7,180.3,171.2,124.6
2017-08-30,301.5,211.2,311.8,192.3,271.8,199.5,107.71,89.4,160.0,128.9,247.7,181.8,181.8,133.4
2017-09-29,303.7,214.8,313.1,195.6,272.9,201.8,110.55,93.2,160.7,130.2,248.4,183.6,188.1,139.1
2017-10-30,302.9,220.2,315.6,203.0,264.5,201.3,113.61,97.3,163.7,135.9,249.4,189.8,191.7,145.9
2017-11-29,300.1,223.2,316.8,208.8,251.3,195.6,118.01,103.2,168.0,142.6,249.4,194.1,188.9,147.0
2017-12-30,294.3,217.0,311.1,203.7,237.3,182.5,120.9,105.4,170.8,143.2,248.8,191.4,187.6,144.3
2018-01-30,296.3,210.5,313.0,197.8,240.5,177.7,120.88,104.3,173.9,140.7,248.8,183.9,199.3,147.3
2018-02-27,304.7,215.6,318.1,200.7,255.0,187.0,120.88,104.9,174.2,140.8,248.8,182.5,196.0,143.7
2018-03-30,308.5,220.0,319.1,202.9,262.7,194.1,120.88,105.5,174.8,142.8,248.8,183.8,186.0,137.4
2018-04-29,311.6,222.7,313.1,200.5,269.9,199.7,120.71,105.1,175.2,143.0,248.8,184.1,201.0,148.7
2018-05-30,316.4,233.8,319.1,209.5,274.1,211.3,124.14,108.3,175.8,148.8,248.8,191.9,207.5,160.0
2018-06-29,313.6,231.8,316.7,207.5,271.3,209.6,119.76,103.5,177.1,150.0,248.8,192.3,201.8,155.9
2018-07-30,303.4,228.9,313.2,209.3,253.8,200.4,118.43,104.7,179.3,154.8,248.8,196.5,186.5,147.3
2018-08-30,300.1,230.0,309.6,209.2,250.2,201.1,115.01,102.2,179.6,158.0,248.8,200.0,185.2,148.8
2018-09-29,292.9,227.2,308.1,211.5,239.4,194.5,113.46,102.9,176.4,156.4,248.8,202.2,182.7,148.5
2018-10-30,286.0,223.9,301.9,209.1,232.0,190.5,108.54,98.1,173.6,155.4,248.8,204.3,183.2,150.5
2018-11-29,284.7,214.1,305.2,202.9,228.2,180.3,108.33,93.1,175.0,150.5,248.8,196.7,174.9,138.2
2018-12-30,284.2,212.6,313.6,206.5,222.5,175.2,109.3,93.8,176.4,151.5,248.8,195.9,171.4,134.9
2019-01-30,289.9,218.2,316.6,210.1,234.6,185.4,109.62,94.8,173.9,151.1,248.8,196.7,166.6,131.7
2019-02-27,297.9,222.4,318.7,210.3,250.0,196.2,109.62,93.5,174.6,150.2,248.8,195.3,167.9,131.8
2019-03-30,310.3,231.7,322.2,213.5,274.0,214.9,109.62,93.1,175.3,150.4,248.8,195.2,168.6,132.3
2019-04-29,318.4,241.5,334.8,225.0,286.2,228.4,109.62,94.2,174.0,151.8,248.8,198.6,165.9,132.4
2019-05-30,318.5,247.1,336.1,230.0,287.6,234.9,109.33,95.7,172.8,154.8,248.8,203.3,160.5,131.1
2019-06-29,306.2,236.1,341.7,231.4,263.1,213.6,108.25,95.1,166.7,149.1,248.8,202.0,158.2,128.5
2019-07-30,301.9,229.5,347.2,230.8,258.9,207.9,108.46,93.5,153.4,135.5,248.8,199.8,162.0,130.1
2019-08-30,302.9,238.6,344.8,236.0,262.2,218.5,108.62,96.5,154.5,142.4,248.8,207.4,157.1,130.9
2019-09-29,303.0,241.9,350.2,244.0,260.8,220.4,105.78,94.2,154.9,144.4,248.8,210.3,158.2,133.7
2019-10-30,306.7,245.6,361.8,254.3,261.8,221.5,107.58,96.3,155.5,144.8,248.8,210.5,155.7,131.7
2019-11-29,319.9,254.3,393.9,276.1,269.3,225.7,110.34,97.9,160.0,147.3,248.8,208.5,159.5,133.6
2019-12-30,308.9,238.7,361.5,247.9,269.8,219.1,96.64,83.5,159.3,142.0,248.8,202.0,159.5,129.5
2020-01-30,304.7,235.1,340.6,233.1,270.8,219.6,91.16,78.6,159.5,142.0,248.8,201.8,159.4,129.3
2020-02-28,298.2,237.1,325.0,229.0,270.9,227.2,91.16,79.8,151.3,138.9,248.8,208.7,152.3,127.8
2020-03-30,292.2,245.1,319.6,233.9,261.6,231.9,91.16,85.6,151.0,147.5,248.8,220.6,145.5,129.0
2020-04-29,289.0,243.8,317.5,235.6,257.4,229.4,91.16,84.6,151.2,148.4,248.8,221.8,131.9,117.5
2020-05-30,292.6,243.8,330.0,241.6,244.3,215.1,101.78,93.6,162.3,157.7,248.8,219.1,132.4,116.6
2020-06-29,288.8,229.2,310.4,219.1,244.7,203.4,107.88,96.7,155.6,142.6,248.8,206.8,140.9,117.1
2020-07-30,297.3,229.9,315.1,211.9,259.7,211.2,110.55,98.8,153.1,137.6,248.8,202.4,148.5,120.7
2020-08-30,294.2,229.2,316.6,216.6,251.2,204.0,109.69,100.9,153.5,138.0,248.8,202.1,156.8,127.4
2020-09-29,293.7,226.2,315.3,212.5,248.1,199.5,110.93,100.7,156.0,139.0,248.8,200.1,157.5,126.6
2020-10-30,299.5,231.9,310.8,210.9,256.9,207.6,117.25,106.7,157.5,141.2,248.8,201.0,162.7,131.4
2020-11-29,302.3,226.6,315.9,208.1,255.6,199.4,120.77,106.8,158.6,137.6,248.8,194.1,174.3,136.0
2020-12-30,307.6,224.5,310.5,199.4,266.7,201.4,120.09,105.7,162.8,137.0,248.8,188.0,181.6,137.1
2021-01-30,320.71,231.21,323.95,205.65,284.23,211.76,120.07,104.28,166.03,137.74,248.8,185.4,179.61,133.81
2021-02-27,331.14,237.3,334.56,212.81,296.95,219.68,120.07,102.88,171.28,140.5,248.8,184.1,186.37,137.87
2021-03-30,351.22,254.91,338.34,218.37,334.7,251.52,120.07,102.82,174.54,144.32,248.8,187.0,196.86,147.94
2021-04-29,358.89,260.24,359.25,230.26,334.81,251.7,120.48,103.82,180.62,149.31,248.8,187.1,207.22,155.78
2021-05-30,366.36,263.06,377.21,240.52,335.6,248.95,121.57,104.9,186.55,152.14,248.8,,218.76,162.28
2021-06-29,369.57,269.42,383.97,248.32,330.65,249.53,127.98,111.35,193.35,160.11,248.8,187.8,220.14,166.13
2021-07-30,363.26,268.77,386.03,253.53,319.52,245.25,125.15,108.77,189.5,159.57,248.8,191.0,224.99,172.7
2021-08-30,357.48,264.45,396.71,260.22,306.85,235.71,126.76,109.72,176.91,149.15,248.8,191.2,233.16,179.1
2021-09-29,362.92,265.47,399.23,258.75,310.83,236.17,124.86,106.88,185.17,154.35,248.8,189.1,255.3,193.98
2021-10-30,370.74,270.27,407.12,262.91,322.35,244.8,124.76,105.23,185.08,153.29,248.8,189.0,264.3,200.72
2021-11-29,381.1,278.57,424.92,274.77,342.78,261.71,127.25,106.2,174.55,144.98,248.8,190.0,237.52,181.35
2021-12-30,379.98,286.98,427.4,285.67,348.13,274.76,119.68,102.27,165.94,142.41,248.8,196.4,243.47,192.16
2022-01-30,383.85,292.47,417.89,282.91,356.68,283.62,122.84,105.87,165.41,142.54,248.8,197.9,269.39,214.21
2022-02-27,398.69,306.66,416.8,284.68,382.35,306.87,122.84,107.09,172.52,150.12,248.8,199.7,290.53,233.18
2022-03-30,414.36,308.12,414.44,272.98,411.4,320.98,122.84,101.1,178.19,149.8,248.8,194.2,314.88,245.67
2022-04-29,406.42,305.69,403.13,268.01,394.85,313.37,122.84,100.84,186.75,157.81,248.8,197.5,291.86,231.64
2022-05-30,388.94,306.42,404.52,279.77,362.7,303.52,125.18,106.16,180.27,159.69,248.8,208.2,255.64,213.93
2022-06-29,387.4,306.98,392.51,272.9,368.75,311.23,131.15,111.97,174.84,154.55,248.8,208.2,231.87,195.7
2022-07-30,378.86,305.22,386.01,272.02,357.92,309.39,131.64,110.93,170.48,153.45,248.8,208.2,216.54,187.18
2022-08-30,365.9,291.59,386.34,269.59,328.73,281.33,128.6,106.69,172.12,153.81,248.8,,218.64,187.11
2022-09-29,363.71,303.79,379.15,274.07,331.1,299.68,127.57,109.47,171.44,160.03,,,200.41,181.39
2022-10-30,351.24,304.77,356.19,268.47,321.78,302.95,124.42,110.4,165.22,158.98,,,202.81,190.94
2022-11-29,337.3,277.04,333.2,240.87,307.75,271.59,121.09,104.5,159.77,144.82,,,211.8,186.91
2022-12-30,336.82,266.62,319.59,223.04,309.29,261.1,126.34,108.16,159.61,140.04,,,215.79,182.17
2023-01-30,333.03,263.16,322.11,223.54,301.5,252.5,108.2,108.2,162.5,143.18,,,224.56,188.07
2023-02-27,337.72,270.84,337.12,236.66,302.01,257.36,109.33,109.33,165.86,148.27,,,217.72,185.52
2023-03-30,342.23,278.05,356.9,253.52,300.33,259.35,110.86,110.86,168.79,153.01,,,207.28,179.0
2023-04-29,336.36,274.18,366.53,262.26,285.67,246.57,113.43,113.43,163.68,147.92,,,210.41,181.62
2023-05-30,337.57,275.0,359.81,257.7,296.67,256.06,114.34,114.34,156.53,140.05,,,203.46,175.62
2023-06-29,331.88,273.43,339.82,247.58,296.18,258.74,120.26,120.26,151.86,136.1,,,197.0,172.1
2023-07-30,323.27,263.25,322.32,233.2,286.84,246.82,122.03,122.03,152.14,134.38,,,194.92,167.72
2023-08-30,313.76,264.85,322.22,241.37,262.0,234.34,130.24,130.24,156.98,143.77,,,192.7,172.35
2023-09-29,318.17,270.26,336.89,252.95,262.57,237.54,128.79,128.79,157.41,145.19,,,197.08,178.29
2023-10-30,327.37,278.7,335.95,251.4,276.72,251.54,139.17,139.17,156.47,144.52,,,197.76,179.76
2023-11-29,322.9,271.4,315.4,234.8,276.3,246.9,140.0,140.0,160.0,145.6,,,198.8,177.6
2023-12-30,330.7,268.9,317.3,228.7,289.7,249.4,151.4,136.1,163.3,144.6,,,197.8,170.3
2024-01-30,337.7,276.5,317.5,231.3,302.5,262.5,151.6,137.4,165.2,145.9,,,198.7,172.5
2024-02-28,349.7,287.8,335.5,245.3,317.3,277.7,151.6,137.1,165.6,146.5,,,196.4,171.9
