date,NZ total,Northland,Auckland,Waikato,Bay of Plenty,Gisborne,Hawke's Bay,Manawatu,Taranaki,Wellington,Tasman,Nelson,Marlborough,West Coast,Canterbury,Otago,Southland
1992-01-30,105000,90000,135000,100000,105000,79000,85000,91000,80000,123000,113000,115000,94000,70000,102000,81500,64000
1992-02-28,110000,95000,142000,105000,105000,75000,89000,90000,80000,122000,105000,108000,104000,55000,105000,87500,62500
1992-03-30,110000,88000,135000,103000,95000,83000,90000,92000,83000,125000,94000,115000,96000,63500,105000,87000,63000
1992-04-29,110000,93000,135000,105000,103000,79000,82000,90000,85000,129000,105000,116000,96000,64000,102000,86000,69000
1992-05-30,110000,88000,135000,105000,100000,85000,91000,90000,79000,128000,111000,115000,97500,73000,105000,83500,64900
1992-06-29,108000,88000,137000,100000,95000,73500,88000,95000,82000,130000,110000,107000,94000,70000,105000,88000,60000
1992-07-30,110000,88000,138000,104000,106000,75000,85000,87500,85000,124000,112000,118000,103000,72000,105000,86000,65000
1992-08-30,110000,92500,136000,100000,105000,85500,93000,90000,85000,128000,109500,116000,95000,66000,104500,90000,66000
1992-09-29,110000,88000,140000,105000,95000,78000,92500,94000,89000,127000,117000,120000,108000,66500,104000,90000,64000
1992-10-30,111000,84500,137500,100000,107500,82500,94000,89000,87000,130000,119000,115000,102000,58000,111000,89500,65000
1992-11-29,110000,88000,140500,105000,108000,84000,94000,95000,86000,132000,120000,122500,92500,52000,106000,85500,71000
1992-12-30,113000,106000,145000,108000,105000,84000,92000,99000,87000,130000,105500,124000,105000,67000,111000,89000,60000
1993-01-30,112000,105000,140000,108000,110000,88000,96000,88000,90000,120000,119000,120000,106500,60000,108000,92000,68000
1993-02-27,114000,95000,140000,102000,108000,85000,95000,95000,90000,128000,115000,125000,97000,66500,109000,89000,66500
1993-03-30,113000,91000,139000,110000,107750,82000,95500,92000,90000,127500,105000,126000,112000,71500,109500,87000,67000
1993-04-29,115000,95000,147000,108000,100000,87500,96000,92000,87000,125000,118000,137500,106000,70000,110000,93000,66000
1993-05-30,112000,100000,142000,102000,103500,85000,105000,90500,90000,123500,128000,121000,101000,67000,108000,87500,67000
1993-06-29,115000,89000,143000,105000,101000,78000,105000,98000,85500,127000,126000,120000,100000,68500,113000,90000,61000
1993-07-30,115000,90000,140000,103000,109500,85000,105000,95250,94000,128500,123500,125000,105000,72000,107000,91000,63800
1993-08-30,116000,89000,144500,106000,110000,93000,109000,90000,90000,125000,119000,120000,108000,67000,110000,97000,66000
1993-09-29,118000,103000,145000,105000,112000,100000,108000,92000,91500,126000,120000,128000,109000,63000,113000,96000,64000
1993-10-30,119740,92000,148000,105000,113000,99500,109000,90000,92000,127000,114000,134000,111000,70000,115000,95000,66000
1993-11-29,122000,95000,150000,107000,118500,90500,110000,97000,90000,134000,126000,122000,112000,79000,116000,95000,66000
1993-12-30,121000,97000,160000,110000,112000,85000,110000,95000,94000,130100,135000,128000,114000,73000,114000,93000,64500
1994-01-30,123000,98000,154000,115000,119000,92000,110000,95000,96000,127000,125000,126000,110000,78000,116000,95000,78000
1994-02-27,125000,100000,155000,110000,115000,103000,115000,105000,92000,135000,125000,125000,120000,71000,118000,96000,69000
1994-03-30,126000,104500,159000,114500,115500,100000,118000,97000,95000,130000,120000,135000,112000,70000,116500,94000,65000
1994-04-29,127000,105000,162000,115000,119000,110000,118000,103000,90000,133000,125000,130800,119000,78000,120000,98000,71000
1994-05-30,127000,109000,165000,115000,120000,97000,113000,95000,92000,130000,118000,132000,115000,75000,124000,102000,71500
1994-06-29,129000,97000,170000,117000,125000,108000,109000,99000,100000,127500,130000,130000,118000,69000,118000,105000,74000
1994-07-30,129000,95000,172000,115000,120000,103000,117400,98000,88000,130000,129500,129500,118000,68000,122500,96000,78000
1994-08-30,131000,105000,177000,117000,123000,115000,112000,103000,99000,135000,130500,133000,120000,79000,120500,105000,70000
1994-09-29,132000,98000,172000,118000,125000,105000,121000,97500,99500,134000,138000,133500,120000,75000,125000,109000,75000
1994-10-30,134000,109000,179000,119500,124000,112000,115500,102000,100000,137000,132500,146000,135000,72500,125000,105000,71000
1994-11-29,135000,108000,180000,120000,125000,130000,118000,105000,92000,139000,134000,141000,124000,92000,128000,103000,76000
1994-12-30,133000,110000,180000,120000,127000,129000,125000,109000,106000,140000,149000,137500,118000,76000,125000,102000,72000
1995-01-30,130000,105000,174000,125000,130000,126000,115000,103000,96000,130000,118000,144000,115000,76000,123000,105000,72500
1995-02-27,135000,110000,180000,119000,127500,96000,112500,99000,97000,137000,140000,135000,125000,73000,125000,97000,76000
1995-03-30,135000,100000,179000,125000,125000,107000,115000,96000,100000,136000,125000,133500,127500,68000,126000,109800,70000
1995-04-29,135800,105000,180000,123000,133000,95000,116000,105300,95000,140000,138000,135000,126000,90000,126000,106500,69000
1995-05-30,137000,108000,180000,122500,131000,115000,110500,110000,95000,138000,128000,140000,134000,84500,128000,95000,76000
1995-06-29,137000,125000,180000,119000,125000,106500,118000,95000,97000,130000,122000,135000,116000,85000,126000,98000,77000
1995-07-30,138000,105000,185000,123000,135000,121000,110500,98000,95000,135000,128000,140000,122000,70000,124500,99000,77000
1995-08-30,140000,106000,192950,120100,127750,105000,120000,103000,95000,130500,135000,145000,115000,85000,126000,102000,70000
1995-09-29,141000,112000,194000,125000,137000,116000,117000,95000,97500,137000,139000,132500,113000,76000,129000,109000,71000
1995-10-30,144000,113000,198000,125000,130000,115000,118000,99000,92000,140000,123000,134000,123500,75000,130000,95000,74000
1995-11-29,145000,110000,205000,128000,130000,110000,117000,104000,93000,142500,126000,137000,117000,77000,128000,103000,70000
1995-12-30,140000,100000,210000,120000,135000,118500,122500,95000,113000,150000,128000,125500,130000,65000,123500,106500,74500
1996-01-30,146000,112000,204500,133000,136888,115000,124000,102000,98000,138000,132000,135000,137500,69000,130000,105000,73000
1996-02-28,153500,112300,222000,133000,135000,112500,127000,99000,100000,140000,133000,135000,130000,82500,134500,107000,70000
1996-03-30,155000,117500,230000,132000,131000,110000,120000,101500,95000,144000,133000,133000,119000,97000,133000,108000,73000
1996-04-29,149000,113000,230000,129000,135000,105000,125000,100000,104000,142000,130000,135000,133000,72500,130000,108000,72500
1996-05-30,148000,117000,230000,134000,135000,121500,120000,95600,95000,139000,135750,147000,130000,79000,134000,103000,72000
1996-06-29,145000,115000,225000,130000,133670,116000,115000,103000,95000,136000,146000,143000,124500,87500,135500,103000,70000
1996-07-30,147000,117500,224000,135000,136000,123000,120000,97500,97000,139000,128500,135000,127500,90000,130000,106000,71000
1996-08-30,147000,112000,225000,131000,140000,110000,122000,105500,107000,133000,140000,135000,125000,75000,132000,102000,76000
1996-09-29,153000,120000,222000,135000,142000,107000,123000,98000,95000,138000,145000,128000,134000,65000,134000,100000,74000
1996-10-30,155000,124000,225000,136000,148000,110000,122000,93500,96000,144000,135000,143500,128500,73000,133000,109000,70000
1996-11-29,156000,127000,228000,139000,148000,120000,120000,100000,110000,155000,140000,141000,124000,76500,136000,103000,75000
1996-12-30,154000,120000,233000,140000,150000,113000,123000,104000,105000,143000,136500,135000,115000,80000,132500,115000,72000
1997-01-30,160000,124000,230000,140000,150000,125500,126000,95000,96000,145000,143000,146000,120000,78000,136000,108000,82000
1997-02-27,160000,128000,235000,139000,153500,115000,125500,99000,98000,145000,147000,155000,115000,68000,140000,115000,72000
1997-03-30,164000,129000,235000,140000,158000,115000,124000,105000,94000,155000,147500,137000,133500,80000,138000,114000,72500
1997-04-29,163000,132500,240000,142000,150000,110000,130000,102000,97000,150000,150000,150000,124000,83000,143000,107000,78000
1997-05-30,163000,139000,237500,139000,160000,110000,128500,102000,98000,152000,141000,141500,130000,80000,140000,106000,77000
1997-06-29,162000,135000,235000,145000,160500,110000,123000,98000,100000,150000,150000,132000,129000,120000,142000,108000,76000
1997-07-30,162000,134000,240000,147000,165000,120000,123000,97000,95000,155500,145000,145000,118000,86000,143500,102500,68000
1997-08-30,165000,140000,235000,149000,157500,105000,125000,94000,96000,151500,145000,169000,135000,60000,146000,88000,76000
1997-09-29,163000,140000,237500,145000,162000,106000,120000,100000,105000,149000,140000,142000,145000,90000,140000,113000,73000
1997-10-30,165000,136000,240000,148000,163000,122500,120000,95000,95600,165000,137000,155000,125000,76000,142500,95000,70000
1997-11-29,170000,144000,245000,148000,167000,125000,125000,102000,103400,162000,137000,135500,126500,80000,149000,100000,76000
1997-12-30,165000,148000,235000,148000,170000,112000,125000,92000,110000,160000,138500,147500,145000,88000,142000,102000,70000
1998-01-30,163000,150000,237000,147500,169000,95000,135000,105000,100000,158000,149000,139000,117000,85000,146000,102000,76500
1998-02-27,161000,141500,240000,145000,160000,93500,130000,95000,99000,165000,146000,152000,130000,57000,140000,95000,61000
1998-03-30,165200,150000,240000,145000,165000,93000,129000,97000,103000,164000,155000,148000,136000,89000,146000,96000,65000
1998-04-29,162000,145000,235000,143000,160000,89500,118000,100000,107000,160000,154000,157000,125000,86000,144000,95000,66500
1998-05-30,165000,155000,235000,146000,170000,90000,124000,96000,95000,170000,143000,146000,138000,95000,141000,97000,63000
1998-06-29,165000,144500,230000,147500,175000,104000,125500,99000,100000,160000,150000,155000,132000,78000,140000,105000,65000
1998-07-30,165000,145000,230000,147000,173000,100000,123000,90000,93500,155000,160000,142000,133500,103000,146000,100000,64000
1998-08-30,164000,158000,227500,147835,169500,93000,122000,94500,94100,162000,139000,132000,123000,103000,142000,95550,67500
1998-09-29,165000,137000,225000,145000,166000,95000,124500,94500,92500,165000,150000,145000,130000,93000,142500,100000,57000
1998-10-30,165000,142000,225000,150000,160500,84000,124000,96000,95000,164000,141750,145500,143000,87000,145000,110000,60500
1998-11-29,168000,153500,229000,150000,176000,123000,127000,102500,95000,165000,150000,130000,125000,92000,143000,95000,62000
1998-12-30,169000,139000,231000,150000,168000,90000,126000,94000,98500,175000,157000,137000,132500,174000,144000,110000,73000
1999-01-30,164800,149000,231500,147000,170000,118000,126000,100000,98000,168000,140000,140000,137000,111000,147000,99100,78000
1999-02-27,170000,142000,235000,150000,172500,110000,135000,104000,107000,175000,145000,146000,129000,77000,148000,98000,67000
1999-03-30,168000,150000,241000,152000,173000,120000,128000,95000,100000,170000,153000,158000,128000,102500,140000,105000,65000
1999-04-29,169900,155000,239000,153000,168000,85000,133000,100000,97000,174000,145000,155000,127000,88000,150000,104000,69000
1999-05-30,167500,152500,232000,155000,165000,105000,128000,102500,96000,170000,147000,150000,128000,90000,143500,96000,66500
1999-06-29,172000,150000,240000,150000,177000,95000,132000,93000,98000,175000,155500,152000,126500,65000,143000,114000,56000
1999-07-30,168000,141000,234500,152000,170000,104000,125000,101000,93500,177000,147000,148000,135500,100000,148100,104000,62000
1999-08-30,169000,141000,235000,155000,165000,113500,119000,101000,95000,170000,165000,135000,137000,75000,152000,118000,62000
1999-09-29,170000,152000,240000,160000,180000,124000,125000,105500,94000,175000,156000,142000,127500,77000,146000,110000,59500
1999-10-30,168000,140000,235000,155000,175000,100000,130000,108000,94000,179000,160000,155000,140000,105000,150000,108000,58500
1999-11-29,172000,143750,240000,157500,184000,112000,127000,106000,105000,175000,182000,159000,125000,90000,146000,105000,65000
1999-12-30,169500,144000,235000,152800,178000,120000,130000,108000,102000,185000,160000,153000,134000,91000,144000,98000,58000
2000-01-30,170000,173000,230000,155000,177000,131000,126000,98000,92500,184700,153000,147000,133000,77000,148000,102000,65000
2000-02-28,170000,130000,241000,155000,172000,108000,127500,110000,113500,185000,150000,150000,125000,54000,145000,109000,66000
2000-03-30,175000,150000,240000,156000,185000,110000,123000,100000,112500,179000,155000,162500,131000,59000,152000,112000,64000
2000-04-29,176500,156000,245000,156000,175000,97000,136000,100000,108000,190000,154100,160000,130000,64000,143000,115000,73500
2000-05-30,172000,135000,240000,150000,180000,98000,125000,95000,94000,185000,152000,162000,131000,100000,146500,111000,51000
2000-06-29,170000,153000,240000,155500,175000,100000,118000,101000,120000,190000,155000,141500,140000,73000,149000,107000,57000
2000-07-30,170000,130000,235000,152000,172500,112000,124000,108000,100000,181500,147000,140000,150000,70000,144000,100900,56000
2000-08-30,170000,138000,235000,156000,168000,125000,138000,91000,94000,187000,148000,154000,125000,70000,144000,110000,63000
2000-09-29,173000,140000,245000,150500,165000,115000,130500,94000,94000,190000,170000,146000,119000,64000,136000,110000,64000
2000-10-30,170000,156000,235000,159000,165000,101000,137000,105000,100000,190000,185000,154000,135000,56000,147000,108500,60000
2000-11-29,174000,160000,242000,150000,180000,112000,132000,106000,107000,197000,156000,147000,147100,70000,145750,110000,63500
2000-12-30,170000,137000,241000,155000,185000,93000,131000,105000,97000,190000,164000,156000,145000,75000,150000,95000,59500
2001-01-30,175000,150000,243000,154000,182500,105000,138000,105000,105000,195000,163500,142000,137500,52000,145000,119000,61500
2001-02-27,173000,162000,249000,160000,173500,99000,133000,110000,100000,188000,160500,150000,135000,63000,150000,108000,57000
2001-03-30,173000,146500,250000,160000,175000,120000,130000,109000,105000,190000,170000,148000,139000,85000,150000,110000,62500
2001-04-29,177000,150000,249000,165000,185000,120000,130000,107000,106000,194250,175000,144333,132000,78000,136000,115000,65500
2001-05-30,170000,160000,236000,150000,177000,92000,125500,100000,100000,195000,150000,167500,142500,72000,138000,102000,60000
2001-06-29,177000,160500,255500,146000,178000,100000,130000,100000,92000,195000,150000,178000,144000,68500,142000,110000,55000
2001-07-30,170000,163000,240000,160000,172500,94500,138000,100000,98000,190000,163500,154000,130000,67500,138000,109000,70000
2001-08-30,176000,155000,240000,159000,183000,87000,126000,100000,95000,200000,157000,153000,128000,36000,138000,114000,67000
2001-09-29,173000,135000,250000,157000,172500,105000,134000,106000,105000,185000,175000,150000,126583,85000,145000,114500,65000
2001-10-30,178500,163000,260000,160000,180000,93000,133500,99000,102000,195000,169000,153000,130000,90000,142500,122000,66500
2001-11-29,176000,158000,248000,158000,174000,95000,138500,107500,112500,206500,175000,151000,133200,38000,143000,108500,66000
2001-12-30,178000,168500,255000,165000,192500,110000,140000,110000,108000,196000,165000,155000,126000,60000,150000,110000,63000
2002-01-30,175500,160000,245000,165000,191000,115000,135000,100000,100000,190000,172000,156000,144000,75000,143000,108000,69000
2002-02-27,186000,158000,260000,162500,181000,106000,140000,113000,106000,200000,180000,155000,122000,65000,148000,129000,68000
2002-03-30,186000,175000,265000,145000,187000,100000,145000,110000,115000,204500,185000,156000,140000,78000,141500,115000,64000
2002-04-29,189000,159000,265000,166000,181000,112000,134000,113000,105000,213000,190000,176000,139000,60000,150000,116000,67000
2002-05-30,187000,170000,269000,160000,180000,115000,135000,99500,110000,205000,170000,165000,134000,95000,141000,110000,70000
2002-06-29,183000,155000,263000,156500,185000,107000,133000,106500,111000,200000,163000,167000,139000,65000,143000,121000,63000
2002-07-30,185000,177000,260000,165000,185000,85000,140000,95000,112500,202500,185500,162000,130000,68000,144700,112600,71500
2002-08-30,185000,157000,265000,157000,189000,105000,135000,109000,110000,197250,165000,160000,137000,80000,150000,110000,67000
2002-09-29,185000,170000,275000,168000,185000,120000,138500,104500,106000,205000,191500,175150,135000,76000,150000,112000,69500
2002-10-30,187500,170000,280000,160000,180000,89000,135000,105000,109500,205000,185000,187500,135000,85000,151000,110000,71500
2002-11-29,197500,158000,283500,163000,193000,106000,155000,112000,115000,225000,220000,195000,145000,63000,155000,120000,74150
2002-12-30,191500,168000,270000,165000,205000,107000,160000,98000,113000,215000,185000,191000,145000,70000,155000,120000,75000
2003-01-30,193000,165000,273000,171000,195000,123000,146000,98500,107000,210000,216000,205000,160000,95000,158000,125000,85000
2003-02-27,194500,169000,282000,172000,195000,99000,145000,110000,122000,215000,235000,210000,143000,74000,151000,125000,76000
2003-03-30,200000,168000,281800,162500,210000,118000,150500,110000,125000,225500,250000,230000,158000,77000,160000,124000,80000
2003-04-29,202000,150000,290000,175000,200000,120000,158000,112000,116000,225000,235000,240000,168000,72300,160000,130000,88000
2003-05-30,210000,170000,295000,170000,207000,110000,168000,102500,119500,235000,240000,241550,171200,75000,160000,129000,88000
2003-06-29,210000,167500,290000,171000,197500,113000,155000,105000,125000,220000,255000,225150,185000,80000,165000,134250,85000
2003-07-30,211500,175000,300050,169000,203000,110000,167000,108000,128000,235000,243564,275000,180000,73000,172000,140000,89000
2003-08-30,215000,169500,319000,175000,212000,115000,172500,107000,118500,225000,253200,275000,210000,76000,169000,145000,95000
2003-09-29,215000,185000,322500,172500,220000,130000,173000,105000,116000,237000,283000,242000,190000,75000,179000,150000,89000
2003-10-30,225500,185000,330000,175000,220000,120000,179000,115500,133000,255000,292000,248000,209500,76500,184000,158100,110000
2003-11-29,233000,177000,325000,179000,235000,127000,185000,114000,140000,262000,295000,265000,200000,76000,185000,167000,95000
2003-12-30,228000,195000,325000,189000,235000,119000,185000,126000,135000,240000,305000,315000,240000,95000,195000,162000,96000
2004-01-30,229000,191000,314000,183000,240000,116000,197000,120000,139000,260000,330000,295000,230000,80000,190000,170000,89500
2004-02-28,230000,183000,315000,193500,215000,113000,187500,123000,146000,255000,272000,270000,230000,89000,205000,190000,100000
2004-03-30,240000,205000,319500,189000,244000,122000,200000,124800,150026,262000,270000,272000,262000,103000,203000,190000,105000
2004-04-29,241050,200000,334000,180000,238000,123000,215000,125000,140000,273000,312000,250000,220000,95000,205000,187500,122500
2004-05-30,247000,186000,340000,187000,248500,140000,209000,122000,147000,261500,320000,280000,235000,80000,216000,200500,116150
2004-06-29,242000,185000,323000,187500,246000,120000,225000,120000,148000,262004,300000,245000,247000,126000,222000,210000,115000
2004-07-30,248000,190000,340000,195000,246000,140000,198000,134000,180000,265000,325000,270000,220000,120000,220000,189000,105000
2004-08-30,247500,194760,337500,200000,252500,126250,215000,135000,160000,263000,300000,270000,236000,102000,225000,200000,110000
2004-09-29,250000,198000,339000,200000,245000,131000,200000,141000,156000,270100,298000,250000,226000,135000,227500,201000,113000
2004-10-30,252500,185000,343000,227000,258000,145000,228000,144000,160000,280000,308000,270000,232500,115000,230000,208000,107000
2004-11-29,260000,220000,353000,230000,265000,139000,243000,145000,163000,280000,300000,282500,257000,112000,230000,218000,125500
2004-12-30,260000,220000,350000,220000,280000,159000,235000,148500,180000,275000,280000,258000,245000,119000,239000,217500,123000
2005-01-30,265000,210000,340000,238000,285000,155000,247000,140000,190000,275000,295000,283035,237500,135000,238000,227000,117000
2005-02-27,270000,220000,353000,245000,285000,162000,246000,152000,193000,275500,305000,312500,242000,140000,242000,223000,125000
2005-03-30,280500,245000,375000,243000,280000,185000,251500,152500,220000,289500,335000,302000,240000,126500,252250,238000,127500
2005-04-29,273000,231500,369000,240000,285000,165000,241000,152000,160000,273500,305500,280000,240000,134000,246000,232500,127000
2005-05-30,275000,254000,370000,243000,280000,185000,250000,157000,212500,283500,285000,285000,230000,125000,250000,228000,125500
2005-06-29,282500,241000,365000,245000,285000,185000,245000,161000,210000,300000,296000,262500,245000,120000,260000,231000,128000
2005-07-30,283000,230000,369000,250000,284750,210000,255250,167000,222000,300000,283000,280000,262000,140500,256000,227000,137000
2005-08-30,286250,249000,372000,266500,275000,162500,250000,168000,220000,300000,300000,265000,242500,155000,263000,229000,137000
2005-09-29,290000,258000,380000,259000,297000,180000,258000,170000,225000,300000,312000,268000,247000,150000,265150,260000,126000
2005-10-30,296500,258000,380000,269100,309000,202800,260000,179000,210000,305000,320000,280000,250000,169000,265000,246000,120000
2005-11-29,300000,257500,392000,275000,295000,225000,275000,179000,206000,315000,285000,280000,248000,145000,275000,250000,127010
2005-12-30,300000,307000,385000,278000,285000,200000,269000,177000,227000,316000,327000,275000,270000,158000,270000,246500,142000
2006-01-30,293000,280000,379000,275000,294000,205000,262500,178000,230000,313000,280000,265000,280000,135000,270000,238000,124000
2006-02-27,295000,275000,385000,283000,312000,218000,260000,185000,245000,305500,313000,290000,266500,131000,275000,235000,125000
2006-03-30,300000,283000,388000,280000,294000,213000,280500,182000,226000,320000,320000,280000,256000,155000,270000,240000,128000
2006-04-29,308000,257000,390000,280000,300000,207000,260000,185000,240000,332000,327000,307000,260000,160000,284500,250000,130000
2006-05-30,303000,286000,400000,283000,295000,240000,260000,187000,230000,315000,310000,299000,260000,162000,275000,250000,128500
2006-06-29,310000,270000,401000,279000,315000,195000,265000,201000,231000,327000,315000,285000,270000,165000,278000,252000,142500
2006-07-30,315000,277000,392500,287000,315000,210000,271000,195000,245000,330000,295000,322000,280000,160000,275000,260000,146000
2006-08-30,310000,265000,395000,280000,315000,220500,260000,196000,239000,335000,310000,300000,275000,167000,277000,260000,150000
2006-09-29,313000,285000,400000,278000,335000,210000,270000,208000,245000,330000,315000,300000,315000,180000,281000,250000,140000
2006-10-30,325000,295000,415000,302000,325000,225000,280000,210000,252500,355000,317000,315000,290000,145000,288000,242500,150000
2006-11-29,330000,290000,425000,298000,335500,242000,280000,205000,265000,370000,335000,308000,318000,164000,295000,262500,155000
2006-12-30,330000,290000,425000,308000,339000,220000,270000,206500,265000,360000,345000,310000,296000,170650,295000,251000,154000
2007-01-30,325500,315000,419500,300000,340000,243000,290000,210000,266000,350000,305000,340000,288500,188500,294800,265000,157000
2007-02-27,335000,290000,435000,310000,325000,255000,287000,220000,265000,372000,330000,300000,290000,188000,300000,265000,165000
2007-03-30,342000,307000,441000,320000,349000,260000,275000,225000,270000,375000,335000,318000,327000,185000,305000,250000,157500
2007-04-29,346000,320000,452000,310000,340000,270000,285000,220000,275000,376800,370000,306500,327000,182000,315000,265675,165000
2007-05-30,349238,325000,449000,312000,340000,253000,289000,220000,280000,390000,345000,332500,320000,189500,312000,267000,177000
2007-06-29,348000,310000,450000,319000,349000,262000,277000,240000,266000,374000,340000,312000,341000,178000,310000,255000,184000
2007-07-30,345000,320000,448000,326000,340000,300000,294000,225000,248000,375000,345000,310000,320000,165000,315000,265000,180000
2007-08-30,348000,320000,450000,315100,355000,300000,284000,215000,259000,375000,325000,365000,315000,209000,315000,280000,176000
2007-09-29,350000,315000,441000,320000,345000,247500,303000,234000,270000,380000,335000,325000,333000,175000,317000,268000,194000
2007-10-30,347000,321000,446000,325000,345000,280000,275000,219000,260000,369000,332000,375000,337000,192000,315000,270000,186000
2007-11-29,355000,300000,450000,320000,356000,252000,290000,220000,280000,400000,375000,315000,330000,190000,319000,266500,210000
2007-12-30,345000,325000,465000,330000,360000,255000,306000,240000,255000,365000,338000,320000,356000,172000,324000,280000,192000
2008-01-30,340000,326000,430000,320000,355000,276000,281000,220000,263000,365000,340000,340000,330000,230000,311000,275000,225000
2008-02-28,336500,317500,430000,347500,340000,279000,275000,220000,260000,381000,355000,349000,345000,190000,325000,250000,202000
2008-03-30,349000,325000,440000,320000,339000,235000,277000,225000,255000,405000,365500,310000,313500,185000,315000,277000,190000
2008-04-29,345000,350000,455000,316000,360000,222000,280000,230000,272500,375000,368000,325000,328500,160000,308000,258000,211000
2008-05-30,346000,305000,450000,305000,330000,200000,275000,213000,280000,389000,336000,312850,341500,180000,305000,283000,202500
2008-06-29,335000,304000,430000,317000,345000,227500,270000,209000,255000,375000,338590,345000,315000,185000,304000,257000,180000
2008-07-30,340000,310000,420000,312000,350000,220000,285000,230000,265000,371000,360000,317000,340000,210000,300000,277000,183000
2008-08-30,330000,282000,428000,315000,340000,282000,273500,226000,250000,367000,340000,336000,310000,220000,295000,262000,194000
2008-09-29,330000,300000,424500,320000,325250,215000,280000,220000,258750,350000,342000,322000,296000,177000,298000,248000,186000
2008-10-30,335000,345500,435000,317500,335000,229000,265000,225000,275000,366700,340000,315000,325000,195000,295000,270000,198000
2008-11-29,338000,322000,430000,315000,300000,245000,300000,225000,255000,370000,321000,325000,350000,180000,305000,246000,175000
2008-12-30,330000,315000,440000,310000,320000,240000,270000,215000,265000,380000,320000,280000,300000,225000,305000,255270,166000
2009-01-30,320000,280000,424000,292000,320000,255000,265000,225000,265000,355000,310000,320000,287500,155000,287000,240000,175000
2009-02-27,330000,305000,428800,312000,340000,268000,270000,226000,257500,376000,345000,320000,312500,210000,290000,242500,177000
2009-03-30,336800,310000,440000,310000,340000,207000,273500,211000,270000,375000,320000,305000,310000,161000,295000,260000,182000
2009-04-29,340000,290000,439000,312000,330000,250000,274500,220000,265000,365000,350000,295500,295000,165000,297000,257500,192500
2009-05-30,338000,310000,450000,310000,330000,228000,268000,220000,261000,380000,365000,340000,300000,212000,290000,240000,179000
2009-06-29,340000,310000,439000,320000,339000,209500,283000,215500,270000,375500,381000,350100,282000,190000,295000,250000,191000
2009-07-30,340000,315000,445000,322000,330000,250000,278000,220000,280000,368500,360000,350000,300000,223000,298000,240000,195100
2009-08-30,346000,285000,457000,325000,330000,280000,256000,205000,285000,395000,371000,305000,300000,160000,295000,270000,195000
2009-09-29,348880,285000,460000,310000,340000,220000,270000,223000,282500,378000,345000,345000,315000,185000,315000,273000,192500
2009-10-30,357000,315000,458000,325000,355000,265000,276000,222500,272500,415000,355000,310000,275500,182500,315000,275000,177000
2009-11-29,355000,335000,475000,318000,355000,249000,282000,228000,277000,391000,342000,320000,305000,225500,315000,273000,182000
2009-12-30,360000,315000,475000,335000,320000,250000,300000,223000,283000,397000,372000,355000,285000,190000,321000,260000,183000
2010-01-30,350000,315000,450000,320000,342000,245000,298000,220000,285000,376500,350000,310000,340500,200000,317000,272000,183000
2010-02-27,350000,305000,460000,320000,335000,310000,290000,226000,282000,390000,362500,365000,295000,187000,305500,270000,192000
2010-03-30,360000,335000,477000,316000,348000,245000,280000,225000,276000,415000,368000,330000,305167,225000,310000,260000,185000
2010-04-29,355000,310500,470000,310000,345000,225000,287000,228000,280000,388000,380000,355000,295000,195000,315000,279000,195000
2010-05-30,350000,305000,460000,315000,320000,258000,282500,217000,275000,385000,374000,328000,310000,169000,305000,251000,192000
2010-06-29,352000,282000,448000,333000,326000,268000,295000,215000,285000,405000,375000,325000,290000,190000,327000,260000,180000
2010-07-30,350000,315000,450000,318000,335000,235000,271000,223500,290000,385000,343000,325000,305000,195000,315000,270000,211000
2010-08-30,350000,310000,447000,302500,347000,210000,280000,223000,266000,396000,342000,335000,280000,180000,320000,265000,193250
2010-09-29,350000,300000,450000,315000,325000,210000,273500,212500,270000,399000,340000,322000,320000,200000,314500,260000,180000
2010-10-30,353888,315000,465000,310000,327000,239425,292000,225000,284000,392000,335000,345000,266500,180000,321000,272000,169500
2010-11-29,359000,310000,480000,315000,345000,263000,275000,225000,265000,400000,365000,340000,282000,192000,310000,247000,190000
2010-12-30,352000,296000,458000,315000,335000,223000,292000,210000,261000,400000,350000,327000,290000,196000,310000,270000,178000
2011-01-30,340000,300000,450000,315000,330000,195000,275000,230000,270000,370000,330000,330000,272500,189000,315000,239000,182000
2011-02-27,347000,325500,465555,310000,315000,240000,290000,223100,285000,406667,370000,340000,270000,157000,297000,265000,210000
2011-03-30,365000,320000,475500,300000,330000,220000,268000,208000,270000,415000,352000,330000,262000,190000,300000,248000,185000
2011-04-29,360000,285000,480000,310000,320000,215000,276000,218000,275000,388000,345000,350000,333000,198000,312500,280000,192000
2011-05-30,351000,280000,467000,315000,340000,240000,271000,215000,259750,375000,352000,335000,302750,190000,317500,252000,178000
2011-06-29,357000,325000,464000,305000,340000,260000,262000,225000,250000,377500,340000,335000,285000,190000,302000,265000,185000
2011-07-30,345000,270500,467000,305000,325000,205100,276000,210000,260000,360000,312500,318000,290000,230000,318000,250000,185000
2011-08-30,355000,306000,457500,310000,336250,240000,254000,212500,270000,367500,340000,314000,290000,172500,336000,265000,197000
2011-09-29,350000,290000,480000,303000,316000,220000,280000,220000,270000,380000,355000,335000,302500,200000,325000,245000,175000
2011-10-30,358500,285000,470000,306000,345000,230000,262500,217000,285000,392500,364171,330000,325000,220000,335000,255000,201000
2011-11-29,367000,310000,490000,305000,329000,242000,290000,227000,270000,385000,350000,332500,272000,205000,336000,261000,195000
2011-12-30,355000,283000,488200,318000,310000,225000,285000,215000,285000,385000,357500,315000,325000,184000,330000,270000,197500
2012-01-30,354000,305000,470000,297500,330000,212000,280000,230000,305000,380000,345000,320000,249000,188000,330000,258750,190000
2012-02-28,353590,315000,470000,315000,336000,220000,292000,226333,270000,388500,354000,328000,298500,215000,335000,275000,185000
2012-03-30,373000,315000,499000,307500,335000,240000,280000,230000,275000,393330,357000,345500,305000,202000,328000,285000,199000
2012-04-29,365000,290000,496000,307500,330000,230000,295000,216100,250550,385000,404000,310000,310000,235000,325000,277000,195000
2012-05-30,368750,285000,505000,311000,329000,200000,278000,225000,280000,368750,370000,330000,311000,217000,339000,270000,190000
2012-06-29,370000,295000,507500,325000,334500,189500,270000,215000,279000,390000,375000,359000,285000,203000,332500,263500,188000
2012-07-30,363000,295000,505000,299000,325000,190000,270000,222000,262000,367000,320000,360500,266000,225000,340000,266000,185000
2012-08-30,370000,300000,515000,310000,315000,196000,260000,210000,279500,386000,385000,326000,285000,230000,346000,261000,196000
2012-09-29,371000,285000,520000,307500,325000,227500,280000,220000,265000,396000,371000,335500,297500,200000,335000,270272,200000
2012-10-30,380000,262000,530000,312000,330000,250000,260000,226000,258000,405000,380000,355000,285000,188000,345000,265000,200000
2012-11-29,382609,281000,545000,323000,332000,236000,280000,225000,260000,407000,372500,350000,297000,215000,347000,285000,205000
2012-12-30,390000,300000,542500,320000,335000,230000,275000,225000,276000,400000,365000,363000,325000,210000,356000,280000,185000
2013-01-30,370000,285000,510000,319000,325000,274000,280000,219000,310000,382500,385000,325000,299250,230000,347000,280000,180250
2013-02-27,382000,335000,545000,315000,357000,218000,296000,215000,282000,408000,387500,340000,297000,230000,360000,285500,180000
2013-03-30,398500,299000,565000,325000,333000,240000,282000,230000,290000,395000,372000,350000,305000,210000,360000,270000,205000
2013-04-29,392000,305000,560000,315000,345000,230000,290000,230000,288500,400000,355000,340000,312000,185000,355000,280000,190000
2013-05-30,390000,300000,568000,310000,352000,230000,291500,223000,281000,388000,362000,364000,288000,215000,367000,270000,200000
2013-06-29,395000,299500,560000,310000,345000,205000,277500,217500,280000,400000,390000,352000,285000,230000,369000,285000,199000
2013-07-30,385000,297000,557000,310000,330000,197000,280000,225000,296000,390000,390000,352000,293000,180000,362500,286500,186000
2013-08-30,390000,299500,570000,315000,350000,218000,295000,235000,285000,380000,389000,385600,272000,195000,368000,260000,179500
2013-09-29,400000,293000,580000,328000,335000,207000,280000,225000,285000,390000,380000,360000,305000,235000,379000,280000,189000
2013-10-30,407000,300000,590000,338700,359250,209000,275200,208000,282000,405000,400000,370000,310000,181500,385000,287000,185000
2013-11-29,425000,300000,626500,343000,365000,250000,283000,215000,310000,420000,396000,365000,285000,225000,389000,296239,193000
2013-12-30,426500,347500,609000,345000,369000,270500,295000,243000,327500,400000,415000,370000,310000,215000,400000,300000,176000
2014-01-30,400000,313000,570000,337859,369000,230000,280000,215000,315000,370000,392500,355000,347500,170000,380000,310000,190000
2014-02-27,415000,344500,610000,330000,385000,229000,315000,220000,295000,420000,412500,350000,297000,205000,405000,305000,195000
2014-03-30,440000,310000,645000,345750,374000,220000,290000,232000,298500,402000,425000,365000,299000,260000,405000,295000,175000
2014-04-29,430000,320000,620000,335000,394500,236000,280000,223000,305000,416960,375000,370000,337500,180000,399293,280000,195000
2014-05-30,430000,335000,630000,325000,364500,225000,287000,205000,270000,415000,385000,361000,308000,215000,415000,280000,176000
2014-06-29,425000,295000,605000,321500,380000,233500,282000,228000,300500,385000,400000,369300,300000,180000,410000,284000,169000
2014-07-30,416000,280000,620000,317500,370000,245500,272000,215000,310000,378500,389000,373500,326000,190100,407000,284000,171000
2014-08-30,420000,294800,620800,317000,360000,245000,300000,221000,280000,400000,355000,362000,320000,200000,402000,291000,206000
2014-09-29,420000,267000,620000,324600,374000,215000,275000,210000,315000,400000,409000,355000,297000,195000,416000,285000,193500
2014-10-30,430000,305000,650000,332000,371000,276000,296750,226500,280000,405000,370000,370000,338000,199000,417000,280000,194000
2014-11-29,457000,310000,676000,356000,388000,265000,300200,240000,315000,426000,415000,370000,307500,178000,417000,290000,190000
2014-12-30,454000,300000,685000,345000,390000,250000,295000,221000,308000,417000,405000,350000,305000,210000,405000,285000,183000
2015-01-30,425000,330000,675000,335000,379000,239000,290000,210000,316000,395000,384300,358000,310000,225000,402000,300000,208000
2015-02-27,430000,328000,687000,332500,385000,220000,292500,225000,310000,410000,383000,365000,325000,180000,410000,319000,189000
2015-03-30,475000,325000,730000,325000,405000,224000,285000,217000,322000,422500,390000,383000,318000,195000,415000,311500,185000
2015-04-29,452000,349000,727000,350000,385000,232000,315000,215000,290000,414000,400000,400000,315000,177000,425000,315000,199000
2015-05-30,460000,325000,760000,340000,400000,257000,299000,212500,292500,405000,399000,375000,288000,215000,406000,299000,205000
2015-06-29,450000,315500,770000,338000,390000,208000,290000,217000,301500,395000,436000,360000,297000,200000,422000,308500,205000
2015-07-30,464000,320000,750000,349000,403500,235000,300000,220000,295000,395000,413000,402000,332500,150000,419000,325500,200000
2015-08-30,465000,320000,750000,350000,385000,225000,290000,210000,285000,400000,379000,410000,320000,205000,415000,320000,190000
2015-09-29,480007,340000,781000,375000,443000,220000,292000,225000,305000,412500,425000,380500,307000,190000,425000,315000,200000
2015-10-30,457500,360000,760000,380000,420000,240000,320000,241750,310000,430000,430000,380000,339000,153000,420250,317500,209000
2015-11-29,456000,330000,785000,381000,430000,220000,310000,218500,300000,435000,426000,385000,329000,185000,425000,320000,200000
2015-12-30,460000,360000,778000,380000,445000,232000,320000,235000,310000,437500,430000,385000,343000,175000,425000,323000,205000
2016-01-30,445000,335000,745000,375000,430000,270000,321000,215000,330000,394000,406000,381000,342000,230000,426000,320000,185000
2016-02-28,450000,350000,770000,390000,450000,215000,338000,226050,328000,456000,440000,417000,342000,236000,424000,330000,217500
2016-03-30,493000,350000,835000,400000,457000,230000,317000,229500,315000,457500,447500,408000,360000,225000,430000,332000,209000
2016-04-29,489000,359000,830000,400000,460000,236000,340000,232500,334000,452000,490000,395000,325000,220000,430000,338000,199000
2016-05-30,506000,350000,824000,405000,495000,226500,323000,225000,346000,465000,430000,430350,355000,205000,440000,347500,208500
2016-06-29,500000,360000,830500,430000,486000,244000,320000,235000,313000,455000,426000,450000,350000,175000,431000,342000,190000
2016-07-30,500000,370000,840500,445000,495000,250000,318000,255000,315000,447000,490000,410000,340500,255000,430000,345000,222000
2016-08-30,490000,358000,850000,425000,490000,265000,340000,240000,298000,460000,510000,460000,360000,200000,425000,339000,205000
2016-09-29,520000,383000,850000,464000,500000,235000,331500,250000,350000,480000,480000,450000,369200,245000,440000,350000,200000
2016-10-30,510000,400000,880000,455000,504000,263000,342000,260000,310000,485000,499000,479000,360000,190000,430000,360000,229000
2016-11-29,520000,397000,878000,465000,511000,262000,352200,262000,357000,505000,510000,470000,400000,215000,445000,350000,228000
2016-12-30,520000,411500,855000,470000,496500,285000,355000,250000,350000,535000,490000,464000,380000,188000,442000,325000,205000
2017-01-30,485500,400000,830000,446000,522000,272000,370000,255000,350000,455000,533000,461000,390000,150000,425000,357500,217500
2017-02-27,496000,415000,827000,455000,502450,320000,375000,255000,335000,527500,520000,448000,395000,205000,430000,372500,210000
2017-03-30,550000,441500,900000,483500,541660,280000,398500,260000,370000,530000,545000,486500,380000,200000,449000,365000,230000
2017-04-29,540000,420000,855000,490500,525000,280000,385000,255500,345000,541000,495000,475000,410000,165000,445000,385000,210000
2017-05-30,535000,445000,862800,487500,538000,296000,380000,270000,350000,525000,526500,485000,405000,175000,435000,384000,244000
2017-06-29,530000,425000,856000,470000,557500,260000,373000,280000,335000,530000,581000,487500,395000,230000,435000,385000,230000
2017-07-30,518000,455000,836000,490000,490000,305000,400000,272000,325000,495000,525000,475000,400000,172000,420000,400000,230000
2017-08-30,530000,420000,840000,480000,535000,235000,405000,285000,329000,506500,495000,520000,420000,190000,427000,384000,250000
2017-09-29,525000,450000,850000,480000,547500,270000,392000,270000,360000,547500,572500,481000,395000,208500,431500,400000,226500
2017-10-30,530000,415000,850000,499000,526000,310000,395500,286250,350000,518500,519800,447500,420000,225000,450000,406000,235000
2017-11-29,540000,425000,880000,490000,572000,295000,420000,296500,352000,550000,541000,502000,437000,168000,460000,407000,265000
2017-12-30,551750,440000,860000,523000,598000,294000,418000,286500,350000,560000,550000,515000,372000,185000,435000,400000,246500
2018-01-30,520000,425000,820000,488500,535000,275000,430000,286000,365000,501000,550000,510000,410000,154000,435000,447000,240000
2018-02-27,530000,450000,855000,503000,550000,310000,444000,285250,346500,551000,549000,515000,416500,180000,445000,400000,240000
2018-03-30,560000,455000,880000,510000,575000,330000,445000,293500,343000,590000,570000,505000,404000,215000,450000,404500,240000
2018-04-29,550000,450000,850000,503000,572000,312000,430000,305000,365000,560000,530000,545000,420000,172000,441000,465000,245000
2018-05-30,560000,474000,850000,510000,589700,285000,430000,305000,355000,580000,610000,511000,425000,215000,445000,439000,240000
2018-06-29,560000,450000,850000,525000,574000,330000,430000,300000,345000,600000,571000,490000,440000,205000,432500,425000,249000
2018-07-30,550000,481000,830000,514000,580000,305500,430000,295000,375000,550000,550000,530000,460000,225000,430000,415000,250000
2018-08-30,550000,458000,850000,525000,560000,335000,445000,310500,340000,590000,615000,525000,440000,229000,425000,430000,240000
2018-09-29,560000,505000,852000,521000,550000,342500,441000,320000,345000,595000,610000,592000,418000,200000,447500,418000,258000
2018-10-30,561500,480000,861000,520000,575000,310000,460000,337000,392000,598000,610000,518000,382500,175000,465000,475000,255000
2018-11-29,580000,505000,860000,530000,590000,341600,470000,336000,375000,620000,625000,523000,450000,178500,445000,472000,275000
2018-12-30,560000,480000,860000,530000,610000,338000,454000,315000,377600,615000,582000,553000,430000,220000,455000,430000,250000
2019-01-30,550000,494000,805000,550000,580000,333000,450000,330000,385000,562500,575000,550100,465000,165000,430000,475475,279000
2019-02-27,560000,500500,851000,530000,587000,390000,472500,346000,380000,646000,585000,538000,438500,190000,455000,459499,285000
2019-03-30,585000,502000,855000,529000,585000,380000,490000,335000,375000,627650,605000,540000,458000,206000,459000,485150,292105
2019-04-29,580000,487500,847000,550000,600000,358000,465000,350000,380000,617077,596000,520000,427500,200000,450000,455000,296000
2019-05-30,580000,465000,850000,546000,595000,440000,470000,349000,365000,618000,585000,521000,420000,210000,445000,480000,281000
2019-06-29,585000,475000,850000,525000,596000,340000,475500,370000,375000,620000,635000,530000,435000,190000,445000,452000,283750
2019-07-30,575000,475000,825000,525300,570000,355099,468000,370000,360000,630000,595650,520000,432500,176000,446000,510000,297000
2019-08-30,580000,506000,819000,538000,599000,420000,495000,391000,391000,638500,605000,520000,435000,215000,440000,495000,310000
2019-09-29,596596,478000,848000,555000,602000,384000,500000,397000,400000,650000,630000,560000,464098,185000,450000,489000,316512
2019-10-30,605000,515000,860000,565000,620000,425000,535000,400000,390000,650000,620000,552000,445500,199000,465000,532000,315200
2019-11-29,632000,505000,885000,592000,636000,389000,536111,399750,407500,690000,605000,571500,490000,209000,465000,540000,320000
2019-12-30,628000,539000,886000,575000,635000,410000,520000,402000,418000,685000,659000,595000,480000,216000,460000,531500,330000
2020-01-30,612000,518000,870000,595000,680000,400000,550000,418000,420000,620000,655000,597500,480000,235000,465000,565000,350000
2020-02-28,640000,560000,885000,580000,669000,450000,516000,429000,412000,718000,665000,575000,531250,225000,474000,550000,320000
2020-03-30,665000,560000,945000,598000,660000,401618,545000,430000,425500,707000,670000,600000,520000,220000,488000,535000,370000
2020-04-29,680000,450000,925000,530000,630000,400000,655000,395000,380000,730000,656565,645500,460000,215000,464000,447000,307000
2020-05-30,620000,530000,905000,600000,620000,415000,545000,415000,426000,679000,701500,580000,490000,220000,460000,505100,345000
2020-06-29,637000,528000,920000,615000,648000,440000,560190,427600,410000,685000,650000,600000,452000,220000,470000,555000,341000
2020-07-30,659500,557000,918000,615000,660000,480750,550000,440000,442500,696800,680000,587000,475000,225000,477000,551000,360000
2020-08-30,677400,597000,949500,630000,665000,460000,594999,451000,452000,720000,660000,592345,492500,255000,498000,565000,373000
2020-09-29,689000,550000,955000,635000,707000,560000,585000,462500,485000,743000,675000,644165,530000,247250,504000,585888,339000
2020-10-30,725000,595000,1000000,651500,726500,570000,590000,475000,480500,785000,700000,641000,565000,250000,510000,680000,370000
2020-11-29,747000,589000,1030000,670000,750000,530000,660000,505000,496000,790000,774400,670000,590000,245000,525000,620000,397000
2020-12-30,745000,672500,1025000,675000,720000,590000,667500,525000,500000,805035,735000,675000,571000,280000,540000,634000,375000
2021-01-30,730000,625000,995000,660000,767000,500000,692500,525000,520000,795000,740000,712500,550000,260000,507500,650000,392000
2021-02-27,780000,659000,1100000,712000,848250,595000,684000,545000,520000,899900,750000,690000,615500,295000,560000,651000,390000
2021-03-30,825000,710000,1125000,728000,832000,645000,710000,567000,515000,880000,801000,682000,664000,300000,575000,667000,410000
2021-04-29,804362,670000,1120000,731600,800000,690000,761000,580000,540000,868000,775000,735000,672000,275000,566000,700000,400000
2021-05-30,820000,680000,1150000,730000,817500,620000,730000,571000,530000,885000,840000,700750,650000,302000,580000,670000,400000
2021-06-29,816000,700000,1150000,735000,830000,605000,700000,581200,576000,885000,815000,691500,706249,284000,565000,660000,420000
2021-07-30,825000,700000,1165000,730000,830000,625000,725000,586000,535000,860000,839000,688000,672000,296500,597000,670000,420000
2021-08-30,850000,650000,1200000,780000,840000,500000,697600,610000,565000,860000,805000,660200,585000,280000,620000,665000,405000
2021-09-29,795000,675000,1140000,775000,875000,600000,770000,635000,535000,850000,860000,798000,650000,275000,657500,688000,437580
2021-10-30,892000,700000,1249000,802000,900000,625000,820000,615000,630000,1000000,900000,750000,647000,300000,665000,760000,442500
2021-11-29,925000,750000,1300000,852000,890000,685000,830000,625000,626100,962500,870000,736000,705000,350000,690000,730000,430000
2021-12-30,900000,760000,1280000,849000,921800,695000,811800,647000,590000,990000,925000,810000,700000,370000,680000,721000,455000
2022-01-30,880000,821000,1200000,820000,942000,650000,785000,595000,630000,915000,889000,755000,700000,342000,650000,730000,429000
2022-02-27,885000,780000,1190000,835000,969000,715000,812000,605000,660000,995000,895000,812000,655500,346000,717830,799000,475000
2022-03-30,890000,827500,1200000,843000,930000,715000,796000,610000,650000,937500,870000,825000,660000,345000,700000,735000,440000
2022-04-29,875000,745000,1170500,860000,895000,685000,770000,580000,625000,930000,900000,765000,764000,349100,680000,659000,453000
2022-05-30,850000,730000,1110000,800000,910000,665000,735000,603000,635000,900000,855000,750000,681500,395000,687000,720000,449000
2022-06-29,850000,710000,1142500,839500,900000,620000,685000,578000,575000,848000,865000,785000,720250,295500,685000,750000,446500
2022-07-30,810000,700000,1085000,790000,860000,629000,725000,580000,620000,809100,800000,800000,675000,335000,675000,650000,425000
2022-08-30,800000,642000,1100000,780000,895000,566000,703000,575000,645000,775000,805000,680000,670000,350000,650000,690000,440000
2022-09-29,810000,725000,1036000,775000,845000,571000,710000,570000,630000,820000,860000,699000,590000,360000,675000,665000,450000
2022-10-30,818000,725000,1079000,790000,837000,600000,730000,550000,580000,833000,840000,773000,781000,321700,659000,680000,420000
2022-11-29,806000,729500,1060000,785000,857000,660000,687500,574000,620000,796000,852000,700000,700000,420000,665000,688000,470000
2022-12-30,785300,737000,1035000,750000,875000,585000,700000,555000,620000,795000,800000,690000,710000,343000,651000,671000,435000
2023-01-30,765000,687500,943000,773000,768000,675000,657500,535000,645000,765000,782500,670000,650000,350000,642500,670000,410000
2023-02-27,766000,710000,1000000,775000,822000,575000,671000,535000,580000,795000,850000,685000,685000,350000,670000,690000,430000
2023-03-30,775000,710000,1000000,739000,820000,630000,661000,525000,600000,750000,840000,665000,660000,360000,680000,670000,450000
2023-04-29,780000,700000,990000,745000,820000,640000,750000,556000,566000,805050,780000,720000,617500,359000,665000,680000,425000
2023-05-30,780000,717000,991888,740000,795000,600000,665000,528000,535000,791000,745000,770000,650000,370000,650000,670000,435000
2023-06-29,780000,675000,1000000,737300,830000,575000,680000,540000,570000,765000,800000,650000,645000,385000,660000,650000,422700
2023-07-30,770000,672500,990000,725000,800000,575000,660000,557000,570000,733000,710000,710000,677000,330000,665000,705600,430000
2023-08-30,767000,665000,1000500,735000,770000,650000,668000,550000,565000,760000,785000,685000,650000,335000,659000,605000,448000
2023-09-29,795000,700000,1022500,748000,800000,550000,700000,525000,585000,782000,810000,680000,740000,355000,680000,660000,450000
2023-10-30,789000,665000,1045000,755000,825000,570000,700000,527000,565000,790000,857000,670500,650000,340000,680000,675000,430000
2023-11-29,784000,675000,1055000,767000,815000,560000,680000,530000,580000,789000,825000,650000,670000,400000,700000,650000,430000
2023-12-30,779830,630000,1045000,765000,830000,551000,661000,524500,640000,809000,820000,710000,635000,360000,670000,675000,445000
2024-01-30,760000,785000,977000,765000,785000,515000,677000,523000,632000,760000,900000,675000,666250,340000,649000,684488,452500
2024-02-28,790000,750000,1026000,747000,820000,619000,675000,525000,606000,800000,760000,732500,680000,320000,705000,670000,450000
