date,Floating %,90 day bank bill rate,6 months %,1 year %,2 years %,3 years %,4 years %,5 years %
2002-07-04,7.614,5.99,7.13,7.426,7.819,7.91,8.08,8.16
2002-07-11,7.745,6.03,7.11,7.413,7.804,7.91,8.07,8.12
2002-07-18,7.79,6.01,7.12,7.335,7.599,7.8,7.91,7.95
2002-07-25,7.813,5.96,7.12,7.345,7.569,7.78,7.89,7.94
2002-08-01,7.813,5.89,7.11,7.331,7.559,7.74,7.86,7.93
2002-08-08,7.799,5.86,7.09,7.304,7.524,7.7,7.81,7.87
2002-08-15,7.758,5.87,6.96,7.213,7.424,7.59,7.66,7.76
2002-08-22,7.705,5.89,6.92,7.176,7.364,7.52,7.64,7.7
2002-08-29,7.705,5.87,6.92,7.154,7.354,7.51,7.64,7.7
2002-09-05,7.705,5.85,6.92,7.154,7.354,7.51,7.64,7.7
2002-09-12,7.705,5.87,6.92,7.13,7.354,7.51,7.64,7.7
2002-09-19,7.677,5.85,6.92,7.112,7.323,7.51,7.64,7.7
2002-09-26,7.677,5.87,6.91,6.981,7.283,7.48,7.61,7.67
2002-10-03,7.677,5.86,6.9,6.941,7.263,7.44,7.56,7.62
2002-10-10,7.677,5.86,6.89,6.932,7.154,7.31,7.38,7.5
2002-10-17,7.677,5.9,6.79,6.927,7.114,7.24,7.37,7.38
2002-10-24,7.677,5.89,6.79,6.873,7.069,7.26,7.41,7.47
2002-10-31,7.677,5.91,6.79,6.868,7.059,7.24,7.41,7.47
2002-11-07,7.677,5.89,6.79,6.895,6.97,7.22,7.38,7.5
2002-11-14,7.677,5.88,6.79,6.895,6.94,7.21,7.38,7.49
2002-11-21,7.677,5.9,6.78,6.886,6.92,7.2,7.38,7.49
2002-11-28,7.677,5.92,6.88,6.886,6.95,7.21,7.4,7.51
2002-12-05,7.677,5.92,6.88,6.886,6.95,7.23,7.42,7.53
2002-12-12,7.677,5.93,6.88,6.895,6.985,7.26,7.43,7.57
2002-12-19,7.677,5.92,6.88,6.886,7.039,7.27,7.45,7.58
2002-12-26,7.677,5.93,6.88,6.868,7.099,7.28,7.46,7.59
2003-01-02,7.677,5.92,6.88,6.868,7.099,7.28,7.46,7.59
2003-01-09,7.677,5.91,6.88,6.868,7.119,7.28,7.46,7.59
2003-01-16,7.677,5.85,6.88,6.859,7.119,7.28,7.46,7.59
2003-01-23,7.677,5.81,6.78,6.832,7.119,7.28,7.46,7.59
2003-01-30,7.677,5.84,6.78,6.809,7.109,7.27,7.46,7.57
2003-02-06,7.677,5.82,6.77,6.773,7.009,7.2,7.36,7.45
2003-02-13,7.677,5.84,6.72,6.727,6.859,6.99,7.12,7.27
2003-02-20,7.677,5.83,6.63,6.727,6.859,6.93,7.08,7.25
2003-02-27,7.677,5.77,6.63,6.705,6.849,6.91,7.08,7.25
2003-03-06,7.677,5.78,6.72,6.705,6.849,6.91,7.05,7.16
2003-03-13,7.677,5.84,6.8,6.664,6.824,6.89,6.95,7.0
2003-03-20,7.677,5.84,6.8,6.664,6.824,6.89,6.96,6.99
2003-03-27,7.677,5.84,6.8,6.664,6.834,6.92,7.0,7.07
2003-04-03,7.677,5.8,6.8,6.664,6.834,6.93,7.05,7.11
2003-04-10,7.677,5.77,6.8,6.645,6.834,6.94,7.09,7.16
2003-04-17,7.677,5.77,6.8,6.627,6.824,6.92,7.09,7.15
2003-04-24,7.608,5.52,6.73,6.609,6.794,6.9,7.11,7.16
2003-05-01,7.508,5.48,6.52,6.486,6.655,6.79,6.99,7.07
2003-05-08,7.467,5.44,6.43,6.436,6.62,6.76,6.98,7.04
2003-05-15,7.467,5.4,6.43,6.432,6.62,6.76,6.98,7.04
2003-05-22,7.467,5.3,6.35,6.4,6.418,6.71,6.93,6.96
2003-05-29,7.467,5.23,6.3,6.318,6.266,6.62,6.84,6.88
2003-06-05,7.412,5.25,6.23,6.222,6.252,6.51,6.74,6.8
2003-06-12,7.235,5.26,6.18,6.187,6.242,6.48,6.71,6.71
2003-06-19,7.235,5.2,6.16,6.165,6.187,6.35,6.48,6.56
2003-06-26,7.235,5.26,6.16,6.144,6.121,6.29,6.4,6.49
2003-07-03,7.208,5.19,6.16,6.116,6.124,6.29,6.4,6.49
2003-07-10,7.208,5.12,6.15,6.107,6.138,6.28,6.44,6.52
2003-07-17,7.208,5.08,6.15,6.107,6.147,6.32,6.55,6.63
2003-07-24,7.141,5.05,6.14,6.093,6.175,6.38,6.66,6.74
2003-07-31,7.014,5.06,6.15,6.1,6.236,6.47,6.71,6.77
2003-08-07,6.995,5.08,6.12,6.129,6.386,6.64,6.86,6.9
2003-08-14,6.973,5.13,6.15,6.157,6.473,6.73,6.99,7.0
2003-08-21,6.973,5.14,6.18,6.175,6.668,6.93,7.13,7.27
2003-08-28,6.973,5.12,6.18,6.249,6.699,6.95,7.17,7.31
2003-09-04,6.986,5.14,6.18,6.291,6.722,6.97,7.21,7.35
2003-09-11,6.986,5.14,6.18,6.291,6.722,6.97,7.21,7.35
2003-09-18,6.986,5.16,6.18,6.336,6.767,6.97,7.25,7.35
2003-09-25,6.98,5.17,6.17,6.35,6.774,6.97,7.25,7.36
2003-10-02,6.98,5.16,6.17,6.345,6.774,6.97,7.24,7.36
2003-10-09,6.98,5.16,6.16,6.334,6.744,6.94,7.24,7.35
2003-10-16,6.98,5.19,6.16,6.364,6.794,6.98,7.27,7.38
2003-10-23,6.98,5.22,6.18,6.488,6.949,7.17,7.37,7.49
2003-10-30,6.98,5.24,6.2,6.589,7.044,7.27,7.46,7.54
2003-11-06,6.98,5.32,6.26,6.619,7.074,7.31,7.49,7.57
2003-11-13,6.995,5.4,6.44,6.69,7.169,7.41,7.61,7.66
2003-11-20,6.995,5.39,6.57,6.81,7.29,7.54,7.68,7.73
2003-11-27,6.995,5.38,6.62,6.83,7.315,7.57,7.68,7.73
2003-12-04,6.995,5.27,6.62,6.83,7.315,7.57,7.68,7.73
2003-12-11,7.07,5.29,6.62,6.83,7.315,7.57,7.68,7.73
2003-12-18,7.1,5.32,6.62,6.88,7.375,7.57,7.68,7.73
2003-12-25,7.1,5.33,6.62,6.88,7.375,7.57,7.68,7.73
2004-01-01,7.1,5.35,6.62,6.88,7.375,7.57,7.68,7.73
2004-01-08,7.1,5.34,6.62,6.875,7.375,7.57,7.68,7.73
2004-01-15,7.135,5.3,6.62,6.875,7.365,7.56,7.66,7.71
2004-01-22,7.135,5.33,6.62,6.875,7.355,7.54,7.66,7.69
2004-01-29,7.18,5.55,6.61,6.875,7.335,7.52,7.64,7.67
2004-02-05,7.255,5.6,6.61,6.885,7.325,7.49,7.62,7.66
2004-02-12,7.375,5.57,6.66,6.885,7.305,7.47,7.61,7.64
2004-02-19,7.375,5.59,6.67,6.885,7.114,7.44,7.58,7.62
2004-02-26,7.4,5.59,6.67,6.865,6.994,7.43,7.56,7.61
2004-03-04,7.4,5.63,6.67,6.86,7.014,7.41,7.55,7.58
2004-03-11,7.4,5.48,6.67,6.86,7.014,7.41,7.55,7.58
2004-03-18,7.4,5.52,6.68,6.74,6.854,7.05,7.23,7.27
2004-03-25,7.4,5.51,6.63,6.715,6.819,7.01,7.16,7.21
2004-04-01,7.4,5.51,6.63,6.67,6.819,6.92,7.13,7.19
2004-04-08,7.4,5.54,6.63,6.66,6.794,6.94,7.15,7.22
2004-04-15,7.4,5.59,6.64,6.715,6.888,7.08,7.22,7.33
2004-04-22,7.4,5.58,6.64,6.73,6.902,7.11,7.29,7.38
2004-04-29,7.45,5.77,6.64,6.73,6.902,7.11,7.29,7.38
2004-05-06,7.55,5.83,6.8,6.885,7.033,7.16,7.39,7.46
2004-05-13,7.625,5.87,6.86,6.94,7.304,7.3,7.46,7.54
2004-05-20,7.625,5.94,6.88,6.979,7.149,7.35,7.56,7.61
2004-05-27,7.625,5.94,6.89,6.968,7.184,7.41,7.6,7.64
2004-06-03,7.625,5.97,6.86,6.929,7.24,7.48,7.62,7.68
2004-06-10,7.685,6.04,6.89,6.954,7.26,7.49,7.64,7.69
2004-06-17,7.87,6.13,6.92,6.999,7.28,7.51,7.66,7.71
2004-06-24,7.895,6.15,7.01,7.115,7.38,7.58,7.75,7.78
2004-07-01,7.92,6.23,7.08,7.24,7.465,7.62,7.77,7.81
2004-07-08,7.92,6.21,7.08,7.24,7.465,7.62,7.77,7.81
2004-07-15,7.92,6.24,7.08,7.24,7.465,7.62,7.77,7.81
2004-07-22,7.92,6.27,7.08,7.24,7.465,7.62,7.77,7.81
2004-07-29,7.92,6.32,7.11,7.265,7.459,7.62,7.77,7.81
2004-08-05,8.086,6.39,7.25,7.364,7.522,7.62,7.78,7.82
2004-08-12,8.155,6.42,7.37,7.427,7.525,7.63,7.78,7.82
2004-08-19,8.177,6.46,7.38,7.373,7.512,7.64,7.78,7.82
2004-08-26,8.177,6.48,7.38,7.332,7.512,7.64,7.78,7.82
2004-09-02,8.177,6.55,7.38,7.305,7.539,7.64,7.78,7.82
2004-09-09,8.2,6.59,7.44,7.336,7.553,7.67,7.78,7.82
2004-09-16,8.336,6.68,7.59,7.463,7.591,7.7,7.77,7.79
2004-09-23,8.427,6.69,7.64,7.575,7.614,7.7,7.77,7.79
2004-09-30,8.427,6.74,7.64,7.598,7.614,7.7,7.77,7.79
2004-10-07,8.427,6.76,7.64,7.607,7.618,7.7,7.77,7.79
2004-10-14,8.427,6.75,7.64,7.607,7.586,7.7,7.76,7.78
2004-10-21,8.427,6.74,7.66,7.622,7.385,7.66,7.71,7.71
2004-10-28,8.427,6.72,7.66,7.595,7.345,7.66,7.71,7.71
2004-11-04,8.45,6.74,7.66,7.581,7.322,7.65,7.68,7.68
2004-11-11,8.605,6.74,7.66,7.508,7.299,7.65,7.68,7.68
2004-11-18,8.627,6.73,7.66,7.485,7.089,7.65,7.68,7.68
2004-11-25,8.627,6.69,7.66,7.485,7.08,7.65,7.68,7.68
2004-12-02,8.627,6.66,7.64,7.435,7.08,7.63,7.68,7.68
2004-12-09,8.627,6.7,7.64,7.435,7.08,7.63,7.68,7.68
2004-12-16,8.627,6.73,7.64,7.449,7.225,7.63,7.67,7.68
2004-12-23,8.627,6.73,7.65,7.559,7.526,7.64,7.68,7.64
2004-12-30,8.627,6.75,7.64,7.555,7.517,7.64,7.68,7.64
2005-01-06,8.627,6.75,7.64,7.609,7.582,7.64,7.68,7.64
2005-01-13,8.627,6.73,7.66,7.586,7.591,7.64,7.68,7.64
2005-01-20,8.627,6.8,7.66,7.591,7.6,7.64,7.68,7.64
2005-01-27,8.627,6.76,7.66,7.591,7.6,7.64,7.68,7.64
2005-02-03,8.627,6.78,7.67,7.614,7.623,7.67,7.69,7.66
2005-02-10,8.627,6.86,7.67,7.614,7.623,7.68,7.7,7.67
2005-02-17,8.627,6.85,7.69,7.641,7.659,7.7,7.71,7.7
2005-02-24,8.627,6.85,7.72,7.682,7.677,7.72,7.74,7.72
2005-03-03,8.65,6.87,7.72,7.677,7.691,7.74,7.76,7.74
2005-03-10,8.673,7.04,7.72,7.677,7.691,7.74,7.76,7.74
2005-03-17,8.786,7.05,7.83,7.695,7.691,7.83,7.87,7.84
2005-03-24,8.864,7.04,7.86,7.709,7.691,7.85,7.92,7.88
2005-03-31,8.886,7.08,7.88,7.718,7.691,7.87,7.94,7.91
2005-04-07,8.905,7.09,7.93,7.732,7.714,7.89,7.99,7.95
2005-04-14,8.905,7.04,7.95,7.745,7.718,7.9,8.05,8.0
2005-04-21,8.905,7.01,7.95,7.745,7.718,7.9,8.05,8.0
2005-04-28,8.905,7.01,7.92,7.745,7.718,7.87,8.01,7.97
2005-05-05,8.905,7.07,7.88,7.745,7.718,7.83,7.92,7.88
2005-05-12,8.905,7.02,7.87,7.745,7.718,7.78,7.8,7.78
2005-05-19,8.905,7.02,7.87,7.745,7.7,7.78,7.8,7.78
2005-05-26,8.905,7.07,7.87,7.745,7.7,7.78,7.8,7.74
2005-06-02,8.905,7.03,7.87,7.745,7.682,7.7,7.75,7.72
2005-06-09,8.905,7.03,7.88,7.755,7.632,7.65,7.68,7.66
2005-06-16,8.905,7.04,7.91,7.786,7.618,7.62,7.63,7.61
2005-06-23,8.905,7.03,7.91,7.786,7.605,7.59,7.61,7.59
2005-06-30,8.905,7.03,7.91,7.795,7.605,7.59,7.61,7.59
2005-07-07,8.905,7.03,7.93,7.814,7.609,7.59,7.59,7.5
2005-07-14,8.905,7.02,7.94,7.814,7.609,7.59,7.58,7.48
2005-07-21,8.905,7.02,7.95,7.841,7.591,7.58,7.57,7.46
2005-07-28,8.905,7.03,7.95,7.859,7.591,7.58,7.57,7.46
2005-08-04,8.905,7.03,7.95,7.859,7.595,7.58,7.57,7.49
2005-08-11,8.905,7.04,7.95,7.859,7.595,7.58,7.57,7.5
2005-08-18,8.905,7.04,7.95,7.859,7.605,7.58,7.57,7.52
2005-08-25,8.905,7.04,7.93,7.841,7.605,7.57,7.55,7.51
2005-09-01,8.905,7.04,7.93,7.832,7.591,7.56,7.55,7.49
2005-09-08,8.905,7.05,7.93,7.832,7.586,7.53,7.5,7.47
2005-09-15,8.905,7.08,7.93,7.832,7.586,7.51,7.5,7.46
2005-09-22,8.905,7.1,7.94,7.85,7.618,7.51,7.48,7.42
2005-09-29,8.905,7.23,7.98,7.9,7.673,7.55,7.49,7.43
2005-10-06,8.905,7.23,8.04,8.023,7.786,7.71,7.66,7.57
2005-10-13,8.905,7.26,8.08,8.054,7.809,7.74,7.69,7.58
2005-10-20,8.905,7.33,8.08,8.095,7.818,7.75,7.7,7.59
2005-10-27,8.932,7.36,8.14,8.163,7.916,7.86,7.81,7.66
2005-11-03,9.145,7.42,8.22,8.214,8.004,7.95,7.88,7.72
2005-11-10,9.145,7.56,8.26,8.245,8.045,8.0,7.95,7.76
2005-11-17,9.145,7.55,8.36,8.332,8.1,8.08,7.98,7.84
2005-11-24,9.145,7.65,8.42,8.382,8.164,8.13,8.04,7.87
2005-12-01,9.145,7.69,8.46,8.423,8.191,8.16,8.08,7.93
2005-12-08,9.173,7.64,8.46,8.45,8.227,8.16,8.08,7.93
2005-12-15,9.4,7.65,8.49,8.455,8.232,8.16,8.08,7.94
2005-12-22,9.423,7.66,8.49,8.455,8.241,8.16,8.07,7.93
2005-12-29,9.423,7.68,8.49,8.455,8.241,8.16,8.07,7.93
2006-01-05,9.423,7.66,8.49,8.455,8.241,8.16,8.07,7.93
2006-01-12,9.423,7.68,8.5,8.468,8.181,8.12,8.08,7.94
2006-01-19,9.423,7.62,8.5,8.468,8.126,8.02,8.03,7.93
2006-01-26,9.423,7.63,8.52,8.468,8.08,7.98,8.0,7.92
2006-02-02,9.423,7.54,8.52,8.459,8.057,7.91,7.94,7.83
2006-02-09,9.423,7.53,8.52,8.459,8.05,7.88,7.91,7.72
2006-02-16,9.423,7.51,8.51,8.432,8.018,7.86,7.91,7.71
2006-02-23,9.423,7.51,8.42,8.373,7.932,7.79,7.85,7.63
2006-03-02,9.423,7.51,8.41,8.373,7.927,7.79,7.85,7.62
2006-03-09,9.423,7.52,8.41,8.373,7.927,7.79,7.85,7.61
2006-03-16,9.445,7.48,8.41,8.368,7.868,7.78,7.84,7.61
2006-03-23,9.445,7.47,8.41,8.368,7.827,7.78,7.84,7.61
2006-03-30,9.445,7.47,8.33,8.24,7.755,7.67,7.68,7.56
2006-04-06,9.445,7.46,8.22,8.175,7.705,7.58,7.56,7.51
2006-04-13,9.445,7.48,8.22,8.175,7.705,7.58,7.56,7.51
2006-04-20,9.445,7.46,8.23,8.167,7.691,7.59,7.56,7.51
2006-04-27,9.445,7.5,8.23,8.181,7.764,7.65,7.63,7.59
2006-05-04,9.445,7.5,8.24,8.195,7.805,7.68,7.66,7.62
2006-05-11,9.445,7.5,8.25,8.2,7.84,7.76,7.74,7.69
2006-05-18,9.445,7.48,8.25,8.223,7.871,7.77,7.76,7.72
2006-05-25,9.445,7.48,8.26,8.232,7.879,7.79,7.78,7.74
2006-06-01,9.445,7.48,8.27,8.245,7.879,7.79,7.79,7.75
2006-06-08,9.445,7.48,8.27,8.232,7.889,7.78,7.81,7.75
2006-06-15,9.445,7.49,8.27,8.236,7.916,7.83,7.82,7.76
2006-06-22,9.445,7.47,8.32,8.268,7.925,7.88,7.87,7.8
2006-06-29,9.445,7.46,8.35,8.295,7.935,7.91,7.89,7.81
2006-07-06,9.445,7.46,8.39,8.305,7.935,7.91,7.9,7.8
2006-07-13,9.445,7.48,8.39,8.314,7.935,7.91,7.9,7.8
2006-07-20,9.445,7.49,8.42,8.391,8.145,8.07,8.03,7.9
2006-07-27,9.445,7.47,8.46,8.427,8.227,8.14,8.1,7.96
2006-08-03,9.445,7.47,8.45,8.418,8.214,8.12,8.1,7.94
2006-08-10,9.44,7.48,8.44,8.375,8.049,7.93,7.88,7.77
2006-08-17,9.44,7.49,8.44,8.405,8.069,7.95,7.89,7.8
2006-08-24,9.44,7.48,8.44,8.385,8.079,7.95,7.91,7.81
2006-08-31,9.44,7.49,8.41,8.365,8.069,7.94,7.89,7.8
2006-09-07,9.44,7.5,8.41,8.365,8.073,7.94,7.89,7.79
2006-09-14,9.44,7.67,8.41,8.365,8.073,7.91,7.87,7.79
2006-09-21,9.44,7.55,8.41,8.37,8.073,7.92,7.87,7.79
2006-09-28,9.44,7.62,8.41,8.365,8.033,7.91,7.88,7.7
2006-10-05,9.44,7.66,8.34,8.285,7.996,7.88,7.84,7.55
2006-10-12,9.44,7.66,8.34,8.285,7.978,7.89,7.85,7.69
2006-10-19,9.44,7.75,8.37,8.345,8.037,7.94,7.9,7.73
2006-10-26,9.44,7.57,8.39,8.365,8.048,7.95,7.9,7.74
2006-11-02,9.44,7.57,8.39,8.365,8.059,7.95,7.9,7.74
2006-11-09,9.44,7.6,8.39,8.395,8.089,7.97,7.93,7.78
2006-11-16,9.44,7.61,8.41,8.425,8.094,7.98,7.93,7.78
2006-11-23,9.44,7.63,8.41,8.425,8.094,7.98,7.93,7.78
2006-11-30,9.44,7.61,8.41,8.43,8.11,7.98,7.95,7.78
2006-12-07,9.44,7.64,8.41,8.43,8.1,7.98,7.95,7.77
2006-12-14,9.44,7.66,8.41,8.43,8.1,7.97,7.95,7.78
2006-12-21,9.44,7.69,8.43,8.455,8.125,7.97,7.96,7.82
2006-12-28,9.44,7.74,8.42,8.46,8.125,7.97,7.95,7.82
2007-01-04,9.44,7.71,8.42,8.46,8.125,7.97,7.95,7.82
2007-01-11,9.44,7.75,8.47,8.535,8.235,8.08,8.03,7.89
2007-01-18,9.44,7.67,8.49,8.545,8.234,8.11,8.07,7.91
2007-01-25,9.44,7.68,8.49,8.545,8.199,8.11,8.07,7.9
2007-02-01,9.44,7.68,8.49,8.545,8.227,8.12,8.07,7.88
2007-02-08,9.44,7.72,8.49,8.545,8.256,8.14,8.09,7.9
2007-02-15,9.44,7.77,8.49,8.554,8.27,8.16,8.09,7.92
2007-02-22,9.44,7.78,8.52,8.579,8.305,8.19,8.11,7.93
2007-03-01,9.44,7.82,8.54,8.614,8.381,8.23,8.14,7.94
2007-03-08,9.515,7.85,8.55,8.634,8.383,8.24,8.16,7.95
2007-03-15,9.615,7.89,8.68,8.654,8.458,8.38,8.27,8.05
2007-03-22,9.64,7.92,8.74,8.665,8.449,8.44,8.35,8.17
2007-03-29,9.64,7.92,8.81,8.765,8.644,8.62,8.54,8.34
2007-04-05,9.64,7.91,8.83,8.805,8.724,8.71,8.62,8.5
2007-04-12,9.64,7.95,8.83,8.82,8.779,8.69,8.64,8.52
2007-04-19,9.67,8.02,8.84,8.83,8.784,8.7,8.64,8.53
2007-04-26,9.695,8.07,8.86,8.85,8.784,8.7,8.64,8.56
2007-05-03,9.845,8.09,8.91,8.91,8.814,8.73,8.67,8.62
2007-05-10,9.87,8.07,8.92,8.93,8.814,8.73,8.67,8.62
2007-05-17,9.895,8.09,8.89,8.905,8.794,8.73,8.66,8.61
2007-05-24,9.895,8.07,8.89,8.905,8.794,8.73,8.66,8.61
2007-05-31,9.895,8.14,8.92,8.93,8.809,8.73,8.66,8.61
2007-06-07,9.945,8.35,9.02,9.015,8.919,8.84,8.81,8.71
2007-06-14,10.1,8.34,9.23,9.22,9.18,9.06,9.01,8.91
2007-06-21,10.1,8.36,9.23,9.22,9.18,9.05,9.01,8.91
2007-06-28,10.1,8.36,9.23,9.22,9.18,9.05,9.01,8.91
2007-07-05,10.1,8.37,9.23,9.22,9.18,8.97,8.98,8.9
2007-07-12,10.1,8.39,9.23,9.22,9.18,8.97,8.98,8.9
2007-07-19,10.044,8.5,9.23,9.22,9.154,8.97,8.98,8.9
2007-07-26,10.069,8.53,9.23,9.22,9.174,8.97,8.98,8.9
2007-08-02,10.303,8.58,9.32,9.3,9.179,9.02,8.98,8.9
2007-08-09,10.303,8.6,9.36,9.34,9.189,9.03,8.98,8.91
2007-08-16,10.303,8.98,9.36,9.34,9.189,9.03,8.98,8.91
2007-08-23,10.303,8.76,9.42,9.38,9.189,9.03,8.98,8.91
2007-08-30,10.303,8.67,9.47,9.4,9.189,9.03,8.98,8.91
2007-09-06,10.328,8.85,9.52,9.44,9.163,9.04,8.98,8.91
2007-09-13,10.328,8.83,9.52,9.44,9.113,9.04,8.98,8.91
2007-09-20,10.328,8.78,9.53,9.445,9.113,8.79,8.98,8.69
2007-09-27,10.328,8.81,9.53,9.445,9.113,8.79,8.94,8.67
2007-10-04,10.328,8.74,9.53,9.44,9.108,8.81,8.91,8.66
2007-10-11,10.328,8.66,9.53,9.42,9.108,8.87,8.86,8.72
2007-10-18,10.328,8.59,9.53,9.42,9.118,8.89,8.89,8.73
2007-10-25,10.328,8.62,9.53,9.42,9.118,8.9,8.9,8.73
2007-11-01,10.328,8.64,9.53,9.44,9.127,8.96,8.92,8.77
2007-11-08,10.328,8.67,9.54,9.554,9.288,9.12,9.0,8.89
2007-11-15,10.328,8.71,9.54,9.584,9.349,9.16,9.05,8.89
2007-11-22,10.328,8.71,9.54,9.584,9.349,9.16,9.05,8.89
2007-11-29,10.328,8.87,9.54,9.584,9.309,9.16,9.05,8.89
2007-12-06,10.328,8.86,9.55,9.594,9.309,9.17,9.06,8.9
2007-12-13,10.328,8.89,9.55,9.594,9.333,9.17,9.06,8.9
2007-12-20,10.328,8.94,9.56,9.599,9.333,9.18,9.05,8.92
2007-12-27,10.328,8.94,9.56,9.599,9.343,9.18,9.05,8.92
2008-01-03,10.328,8.75,9.6,9.639,9.383,9.22,9.1,8.96
2008-01-10,10.328,8.75,9.66,9.7,9.413,9.28,9.16,9.0
2008-01-17,10.328,8.75,9.72,9.775,9.478,9.32,9.18,9.04
2008-01-24,10.328,8.77,9.73,9.805,9.508,9.31,9.19,9.0
2008-01-31,10.328,8.7,9.73,9.755,9.468,9.26,9.11,8.94
2008-02-07,10.328,8.75,9.73,9.755,9.468,9.26,9.11,8.94
2008-02-14,10.358,8.89,9.73,9.755,9.468,9.24,9.1,8.92
2008-02-21,10.372,8.85,9.73,9.745,9.458,9.24,9.1,8.92
2008-02-28,10.433,8.88,9.79,9.835,9.558,9.36,9.21,9.08
2008-03-06,10.458,8.85,9.81,9.88,9.628,9.43,9.29,9.17
2008-03-13,10.483,8.89,9.82,9.894,9.648,9.49,9.37,9.23
2008-03-20,10.483,8.9,9.85,9.904,9.648,9.5,9.37,9.18
2008-03-27,10.483,9.05,9.87,9.865,9.638,9.52,9.4,9.26
2008-04-03,10.533,8.82,9.87,9.865,9.638,9.52,9.4,9.3
2008-04-10,10.533,8.86,9.88,9.865,9.638,9.54,9.42,9.32
2008-04-17,10.533,8.9,9.88,9.865,9.638,9.55,9.44,9.34
2008-04-24,10.533,8.88,9.9,9.855,9.607,9.58,9.54,9.44
2008-05-01,10.583,8.83,9.91,9.865,9.617,9.59,9.56,9.47
2008-05-08,10.618,8.63,9.88,9.795,9.548,9.55,9.56,9.49
2008-05-15,10.618,8.64,9.74,9.494,9.373,9.48,9.47,9.47
2008-05-22,10.644,8.69,9.74,9.494,9.373,9.42,9.47,9.47
2008-05-29,10.644,8.73,9.78,9.574,9.403,9.35,9.39,9.41
2008-06-05,10.644,8.68,9.79,9.564,9.323,9.28,9.3,9.27
2008-06-12,10.644,8.7,9.75,9.469,9.208,9.14,9.16,9.15
2008-06-19,10.644,8.65,9.75,9.454,9.208,9.14,9.16,9.14
2008-06-26,10.644,8.69,9.74,9.454,9.208,9.14,9.15,9.13
2008-07-03,10.644,8.6,9.74,9.427,9.186,9.09,9.12,9.11
2008-07-10,10.644,8.47,9.74,9.427,9.186,9.09,9.12,9.11
2008-07-17,10.644,8.4,9.74,9.427,9.186,9.09,9.12,9.11
2008-07-24,10.644,8.29,9.74,9.407,9.086,9.09,9.12,9.11
2008-07-31,10.644,8.24,9.73,9.277,9.023,9.06,9.11,9.09
2008-08-07,10.644,8.24,9.73,9.212,8.958,9.05,9.11,9.09
2008-08-14,10.644,8.23,9.73,9.212,8.958,9.05,9.11,9.09
2008-08-21,10.644,8.16,9.72,9.194,8.958,9.05,9.11,9.09
2008-08-28,10.644,8.18,9.72,9.194,8.958,9.05,9.11,9.09
2008-09-04,10.644,8.07,9.72,9.194,8.958,9.05,9.11,9.09
2008-09-11,10.239,7.83,9.47,8.997,8.821,8.84,8.97,8.96
2008-09-18,10.184,7.85,9.37,8.947,8.69,8.74,8.93,8.92
2008-09-25,10.184,8.11,9.29,8.947,8.62,8.7,8.93,8.92
2008-10-02,10.184,8.09,9.29,8.947,8.62,8.7,8.93,8.92
2008-10-09,10.166,7.63,9.23,8.861,8.643,8.7,8.93,8.91
2008-10-16,10.166,7.14,9.21,8.836,8.561,8.67,8.91,8.88
2008-10-23,9.985,7.06,8.55,8.282,8.274,8.45,8.71,8.75
2008-10-30,9.439,7.14,8.47,8.15,8.227,8.42,8.71,8.73
2008-11-06,9.363,6.66,8.39,8.059,8.187,8.38,8.69,8.7
2008-11-13,9.363,6.33,8.36,8.009,8.146,8.36,8.65,8.68
2008-11-20,8.89,5.78,7.91,7.601,7.761,7.92,8.16,8.26
2008-11-27,8.658,5.86,7.49,7.293,7.485,7.71,7.97,8.07
2008-12-04,8.077,5.38,7.17,7.115,7.289,7.47,7.73,7.74
2008-12-11,7.982,5.35,6.94,6.88,7.106,7.36,7.58,7.62
2008-12-18,7.882,5.11,6.93,6.871,7.088,7.28,7.54,7.53
2008-12-25,7.882,5.08,6.93,6.871,7.07,7.26,7.53,7.52
2009-01-01,7.836,5.11,6.93,6.871,7.07,7.26,7.53,7.52
2009-01-08,7.836,4.78,6.93,6.871,7.07,7.24,7.51,7.49
2009-01-15,7.735,4.32,6.93,6.871,6.988,7.11,7.18,7.19
2009-01-22,7.425,4.13,6.83,6.676,6.833,7.02,7.08,7.07
2009-01-29,6.869,3.71,6.29,5.969,6.104,6.28,6.68,6.63
2009-02-05,6.778,3.49,6.07,5.842,5.976,6.12,6.44,6.44
2009-02-12,6.778,3.49,6.07,5.842,5.976,6.14,6.44,6.46
2009-02-19,6.674,3.26,5.87,5.805,5.925,6.09,6.44,6.46
2009-02-26,6.674,3.19,5.87,5.778,5.925,6.09,6.46,6.51
2009-03-05,6.674,3.16,5.83,5.778,5.925,6.02,6.45,6.54
2009-03-12,6.425,3.33,5.9,5.778,5.925,6.04,6.47,6.56
2009-03-19,6.384,3.22,5.84,5.769,5.925,6.09,6.54,6.66
2009-03-26,6.338,3.33,5.81,5.769,6.073,6.49,7.05,7.32
2009-04-02,6.338,3.23,5.75,5.724,6.224,6.69,7.19,7.47
2009-04-09,6.338,3.24,5.73,5.724,6.238,6.76,7.26,7.52
2009-04-16,6.338,3.06,5.73,5.724,6.238,6.76,7.26,7.52
2009-04-23,6.338,3.05,5.73,5.724,6.238,6.76,7.26,7.52
2009-04-30,6.338,2.79,5.7,5.724,6.238,6.76,7.26,7.52
2009-05-07,6.338,2.91,5.64,5.671,6.238,6.76,7.26,7.52
2009-05-14,6.338,2.84,5.55,5.6,6.229,6.76,7.26,7.52
2009-05-21,6.338,2.79,5.55,5.568,6.229,6.77,7.26,7.53
2009-05-28,6.338,2.78,5.52,5.55,6.229,6.79,7.33,7.62
2009-06-04,6.338,2.69,5.52,5.55,6.229,6.83,7.36,7.72
2009-06-11,6.315,2.86,5.51,5.595,6.261,6.93,7.48,7.96
2009-06-18,6.315,2.82,5.51,5.595,6.243,6.93,7.48,7.96
2009-06-25,6.315,2.81,5.48,5.595,6.252,6.94,7.49,7.96
2009-07-02,6.315,2.8,5.48,5.595,6.252,6.94,7.49,7.96
2009-07-09,6.315,2.8,5.48,5.595,6.252,6.94,7.49,7.96
2009-07-16,6.315,2.79,5.48,5.595,6.252,6.94,7.49,7.96
2009-07-23,6.315,2.78,5.48,5.595,6.252,6.94,7.49,7.96
2009-07-30,6.315,2.79,5.48,5.595,6.252,6.94,7.49,7.96
2009-08-06,6.315,2.75,5.49,5.605,6.356,7.13,7.65,8.08
2009-08-13,6.284,2.79,5.49,5.605,6.47,7.41,7.94,8.28
2009-08-20,6.284,2.74,5.49,5.605,6.499,7.41,7.94,8.28
2009-08-27,6.284,2.75,5.49,5.614,6.499,7.41,7.94,8.28
2009-09-03,6.179,2.74,5.49,5.65,6.54,7.49,7.98,8.35
2009-09-10,6.179,2.75,5.48,5.65,6.54,7.49,7.98,8.35
2009-09-17,6.137,2.78,5.48,5.65,6.545,7.49,7.98,8.36
2009-09-24,6.137,2.77,5.48,5.668,6.581,7.5,8.04,8.4
2009-10-01,6.137,2.78,5.48,5.687,6.645,7.53,8.08,8.45
2009-10-08,6.137,2.77,5.48,5.705,6.672,7.56,8.12,8.48
2009-10-15,6.074,2.83,5.54,5.882,6.887,7.72,8.26,8.6
2009-10-22,6.074,2.81,5.58,5.977,7.051,7.81,8.39,8.67
2009-10-29,6.074,2.79,5.63,5.977,7.069,7.87,8.45,8.67
2009-11-05,6.074,2.79,5.65,5.977,7.069,7.88,8.47,8.67
2009-11-12,6.005,2.82,5.73,6.046,7.106,7.89,8.47,8.68
2009-11-19,6.005,2.79,5.75,6.069,7.13,7.89,8.47,8.68
2009-11-26,6.005,2.82,5.77,6.087,7.13,7.89,8.47,8.68
2009-12-03,6.005,2.78,5.77,6.087,7.13,7.89,8.47,8.68
2009-12-10,6.005,2.78,5.81,6.087,7.13,7.89,8.47,8.68
2009-12-17,6.005,2.75,5.82,6.161,7.195,7.89,8.47,8.68
2009-12-24,6.005,2.78,5.82,6.204,7.199,7.89,8.47,8.68
2009-12-31,6.005,2.8,5.82,6.204,7.199,7.89,8.47,8.68
2010-01-07,5.946,2.78,5.82,6.204,7.199,7.89,8.47,8.68
2010-01-14,5.946,2.78,5.82,6.258,7.254,7.91,8.47,8.68
2010-01-21,5.946,2.77,5.83,6.258,7.254,7.91,8.47,8.68
2010-01-28,5.946,2.76,5.83,6.258,7.254,7.91,8.47,8.68
2010-02-04,5.946,2.74,5.83,6.275,7.258,7.91,8.47,8.68
2010-02-11,5.897,2.74,5.83,6.275,7.258,7.91,8.47,8.63
2010-02-18,5.861,2.69,5.83,6.215,7.258,7.88,8.43,8.58
2010-02-25,5.861,2.71,5.84,6.212,7.258,7.88,8.39,8.56
2010-03-04,5.861,2.69,5.84,6.212,7.258,7.88,8.39,8.56
2010-03-11,5.861,2.7,5.84,6.212,7.258,7.83,8.24,8.5
2010-03-18,5.861,2.64,5.84,6.199,7.153,7.76,8.24,8.47
2010-03-25,5.861,2.66,5.84,6.19,7.135,7.73,8.2,8.45
2010-04-01,5.861,2.73,5.84,6.19,7.135,7.73,8.2,8.45
2010-04-08,5.861,2.67,5.79,6.135,7.08,7.69,8.13,8.45
2010-04-15,5.861,2.67,5.79,6.135,7.08,7.67,8.13,8.41
2010-04-22,5.861,2.67,5.79,6.135,7.08,7.67,8.13,8.41
2010-04-29,5.861,2.7,5.79,6.116,7.08,7.67,8.13,8.41
2010-05-06,5.861,2.92,5.82,6.116,7.098,7.67,8.13,8.41
2010-05-13,5.861,2.9,5.84,6.248,7.198,7.67,8.13,8.41
2010-05-20,5.861,2.89,5.84,6.23,7.18,7.67,8.13,8.41
2010-05-21,5.86,2.89,,,,,,
2010-05-27,,,5.84,6.23,7.18,7.67,8.13,8.41
2010-06-03,5.86,3.01,5.84,6.24,7.19,7.67,8.13,8.41
2010-06-10,5.86,3.05,5.84,6.24,7.19,7.67,8.13,8.41
2010-06-17,5.95,3.11,5.9,6.28,7.19,7.67,8.13,8.41
2010-06-24,6.02,3.08,5.98,6.34,7.19,7.67,8.13,8.41
2010-07-01,6.02,3.18,5.99,6.37,7.07,7.45,7.79,8.09
2010-07-08,6.02,3.2,5.99,6.37,6.98,7.27,7.56,7.81
2010-07-15,6.02,3.25,5.99,6.37,6.98,7.27,7.56,7.81
2010-07-22,6.02,3.24,5.99,6.37,6.98,7.24,7.56,7.77
2010-07-29,6.02,3.27,5.99,6.37,6.98,7.24,7.56,7.77
2010-08-05,6.06,3.27,6.03,6.37,6.95,7.23,7.53,7.75
2010-08-12,6.22,3.25,6.19,6.39,6.84,7.18,7.49,7.73
2010-08-19,6.24,3.22,6.21,6.41,6.8,7.18,7.47,7.73
2010-08-26,6.24,3.23,6.21,6.41,6.79,7.17,7.44,7.72
2010-09-02,6.24,3.21,6.21,6.41,6.75,7.12,7.44,7.72
2010-09-09,6.24,3.19,6.21,6.41,6.75,7.11,7.44,7.72
2010-09-16,6.24,3.18,6.21,6.41,6.75,7.11,7.44,7.72
2010-09-23,6.24,3.17,6.25,6.41,6.73,7.1,7.44,7.71
2010-09-30,6.24,3.16,6.25,6.41,6.73,7.1,7.44,7.71
2010-10-07,6.24,3.18,6.25,6.41,6.73,7.1,7.44,7.71
2010-10-14,6.24,3.2,6.25,6.41,6.73,7.1,7.44,7.71
2010-10-21,6.24,3.18,6.25,6.41,6.73,7.1,7.44,7.71
2010-10-28,6.24,3.19,6.25,6.41,6.73,7.1,7.44,7.71
2010-11-04,6.24,3.17,6.26,6.42,6.73,7.1,7.44,7.7
2010-11-11,,,6.26,6.41,6.72,7.1,7.44,7.7
2010-11-18,6.24,3.16,6.26,6.41,6.71,7.1,7.44,7.7
2010-11-25,6.24,3.18,6.26,6.41,6.66,7.1,7.44,7.7
2010-12-02,6.24,3.18,6.26,6.41,6.65,7.09,7.44,7.7
2010-12-09,6.24,3.19,6.26,6.41,6.65,7.09,7.44,7.7
2010-12-16,6.24,3.17,6.26,6.41,6.65,7.09,7.44,7.7
2010-12-23,6.24,3.18,6.26,6.41,6.65,7.09,7.44,7.7
2010-12-30,6.24,3.18,6.26,6.41,6.65,7.09,7.44,7.7
2011-01-06,6.24,3.2,6.28,6.43,6.65,7.09,7.44,7.7
2011-01-13,6.24,3.21,6.28,6.43,6.65,7.09,7.44,7.7
2011-01-20,6.24,3.18,6.28,6.41,6.65,7.09,7.44,7.7
2011-01-27,6.24,3.21,6.28,6.41,6.65,7.09,7.44,7.7
2011-02-03,6.24,3.19,6.28,6.43,6.65,7.09,7.44,7.7
2011-02-10,6.24,3.18,6.28,6.43,6.65,7.09,7.44,7.7
2011-02-17,6.24,3.17,6.22,6.43,6.65,7.09,7.44,7.7
2011-02-24,6.23,2.86,6.22,6.43,6.65,7.09,7.44,7.7
2011-03-03,6.23,2.86,6.01,6.02,6.51,6.97,7.39,7.66
2011-03-10,6.23,2.68,5.97,5.97,6.46,6.95,7.39,7.66
2011-03-17,5.78,2.62,5.97,5.96,6.45,6.94,7.38,7.64
2011-03-24,5.78,2.6,5.97,5.96,6.45,6.94,7.38,7.64
2011-03-31,5.78,2.62,5.97,5.95,6.44,6.94,7.38,7.64
2011-04-07,5.77,2.65,5.91,5.95,6.44,6.94,7.38,7.64
2011-04-14,5.77,2.67,5.88,5.95,6.44,6.94,7.38,7.64
2011-04-21,5.77,2.65,5.88,5.95,6.44,6.94,7.38,7.64
2011-04-28,5.77,2.68,5.88,5.95,6.44,6.94,7.38,7.64
2011-05-05,5.77,2.64,5.88,5.95,6.44,6.94,7.38,7.64
2011-05-12,5.77,2.69,5.87,5.91,6.44,6.94,7.38,7.64
2011-05-19,5.77,2.66,5.85,5.89,6.42,6.94,7.38,7.64
2011-05-26,5.74,2.68,5.85,5.89,6.42,6.94,7.38,7.64
2011-06-02,5.74,2.65,5.85,5.89,6.42,6.94,7.38,7.64
2011-06-09,5.73,2.64,5.85,5.89,6.42,6.94,7.38,7.64
2011-06-16,5.73,2.67,5.85,5.89,6.42,6.94,7.38,7.64
2011-06-23,5.73,2.65,5.85,5.89,6.42,6.94,7.38,7.64
2011-06-30,5.73,2.67,5.85,5.87,6.42,6.94,7.38,7.64
2011-07-07,5.73,2.67,5.85,5.87,6.42,6.94,7.38,7.64
2011-07-14,5.73,2.66,5.85,5.93,6.42,6.94,7.38,7.64
2011-07-21,5.73,2.76,5.85,5.91,6.42,6.94,7.38,7.64
2011-07-28,5.73,2.95,5.85,5.91,6.42,6.94,7.38,7.64
2011-08-04,5.73,2.81,5.87,5.94,6.46,6.95,7.38,7.67
2011-08-11,5.73,2.93,5.87,5.89,6.41,6.9,7.34,7.61
2011-08-18,5.73,2.85,5.87,5.89,6.41,6.9,7.34,7.61
2011-08-25,5.73,2.9,5.87,5.89,6.41,6.9,7.34,7.61
2011-09-01,5.73,2.92,5.87,5.9,6.41,6.9,7.34,7.61
2011-09-08,5.73,2.93,5.87,5.9,6.41,6.9,7.34,7.61
2011-09-15,5.73,2.87,5.87,5.9,6.41,6.9,7.34,7.61
2011-09-22,5.73,2.81,5.86,5.9,6.4,6.88,7.34,7.61
2011-09-29,5.73,2.86,5.86,5.9,6.39,6.87,7.34,7.61
2011-10-06,5.73,2.79,5.86,5.9,6.39,6.87,7.34,7.61
2011-10-13,5.73,2.78,5.86,5.79,6.37,6.79,7.31,7.59
2011-10-20,5.73,2.74,5.84,5.79,6.34,6.76,7.31,7.59
2011-10-27,5.73,2.73,5.82,5.84,6.31,6.74,7.23,7.55
2011-11-03,5.73,2.74,5.75,5.77,6.06,6.46,6.84,7.29
2011-11-10,5.73,2.74,5.74,5.76,6.0,6.41,6.82,7.21
2011-11-17,5.73,2.67,5.69,5.76,6.0,6.41,6.82,7.21
2011-11-24,5.73,2.67,5.69,5.76,6.0,6.41,6.82,7.21
2011-12-01,5.73,2.7,5.68,5.75,5.98,6.41,6.82,7.21
2011-12-08,5.74,2.68,5.68,5.75,5.98,6.4,6.8,7.21
2011-12-15,5.74,2.7,5.73,5.75,5.98,6.4,6.8,7.21
2011-12-22,5.74,2.68,5.73,5.75,5.98,6.4,6.8,7.21
2011-12-29,5.74,2.74,5.73,5.75,5.98,6.4,,7.21
2012-01-05,5.74,2.73,5.73,5.75,5.98,6.4,6.8,7.21
2012-01-12,5.74,2.77,5.73,5.75,5.98,6.4,6.72,7.21
2012-01-19,5.74,2.74,5.72,5.74,5.94,6.4,6.72,7.21
2012-01-26,5.74,2.77,5.69,5.71,5.91,6.35,6.67,7.18
2012-02-02,5.74,2.73,5.69,5.71,5.89,6.32,6.69,7.15
2012-02-09,5.74,2.75,5.69,5.71,5.86,6.26,6.66,7.12
2012-02-16,5.74,2.72,5.68,5.66,5.81,6.18,6.58,6.99
2012-02-23,5.73,2.75,5.66,5.66,5.81,6.15,6.54,6.96
2012-03-01,5.73,2.74,5.66,5.66,5.81,6.14,6.54,6.96
2012-03-08,5.73,2.75,5.66,5.66,5.81,6.13,6.53,6.93
2012-03-15,5.73,2.73,5.66,5.63,5.81,6.1,6.49,6.9
2012-03-22,5.73,2.74,5.68,5.63,5.81,6.1,6.49,6.9
2012-03-29,5.73,2.76,5.68,5.63,5.81,6.1,6.49,6.9
2012-04-05,5.73,2.74,5.68,5.63,5.81,6.1,6.49,6.9
2012-04-12,5.73,2.76,5.68,5.63,5.81,6.1,6.49,6.9
2012-04-19,5.73,2.75,5.68,5.63,5.81,6.1,6.49,6.9
2012-04-26,5.73,2.7,5.68,5.6,5.81,6.1,6.49,6.9
2012-05-03,5.73,2.62,5.68,5.6,5.81,6.1,6.49,6.9
2012-05-10,5.73,2.65,5.68,5.54,5.81,6.06,6.49,6.77
2012-05-17,5.73,2.55,5.66,5.32,5.69,5.9,6.34,6.63
2012-05-24,5.73,2.57,5.59,5.28,5.6,5.79,6.19,6.53
2012-05-31,5.73,2.57,5.55,5.3,5.59,5.79,6.16,6.51
2012-06-07,5.73,2.6,5.54,5.29,5.53,5.79,6.16,6.51
2012-06-14,5.73,2.61,5.54,5.29,5.53,5.79,6.16,6.51
2012-06-21,5.73,2.63,5.54,5.29,5.53,5.79,6.17,6.51
2012-06-28,5.73,2.68,5.54,5.29,5.53,5.76,6.17,6.48
2012-07-05,5.73,2.69,5.52,5.29,5.53,5.76,6.17,6.43
2012-07-12,5.73,2.72,5.55,5.36,5.54,5.78,6.17,6.43
2012-07-19,5.73,2.65,5.56,5.38,5.55,5.8,6.14,6.48
2012-07-26,5.73,2.68,5.56,5.38,5.55,5.8,6.14,6.48
2012-08-02,5.73,2.65,5.46,5.38,5.55,5.8,6.11,6.48
2012-08-09,5.73,2.65,5.46,5.36,5.55,5.8,6.11,6.48
2012-08-16,5.73,2.65,5.48,5.36,5.52,5.8,6.13,6.46
2012-08-23,5.73,2.63,5.47,5.36,5.51,5.8,6.13,6.43
2012-08-30,5.73,2.66,5.46,5.36,5.5,5.8,6.13,6.43
2012-09-06,5.73,2.65,5.46,5.36,5.49,5.8,6.14,6.43
2012-09-13,5.73,2.67,5.46,5.4,5.49,5.8,6.13,6.42
2012-09-20,5.73,2.63,5.48,5.39,5.46,5.8,6.1,6.37
2012-09-27,5.73,2.68,5.31,5.29,5.38,5.8,6.1,6.37
2012-10-04,5.73,2.65,5.28,5.24,5.38,5.8,6.1,6.37
2012-10-11,5.73,2.69,5.24,5.23,5.35,5.8,6.1,6.37
2012-10-18,5.73,2.62,5.24,5.23,5.35,5.8,6.1,6.37
2012-10-25,5.73,2.68,5.24,5.23,5.35,5.8,6.1,6.37
2012-11-01,5.73,2.65,5.24,5.23,5.35,5.8,6.1,6.37
2012-11-08,5.73,2.61,5.19,5.23,5.37,5.79,6.09,6.34
2012-11-15,5.73,2.61,5.18,5.18,5.37,5.79,6.09,6.34
2012-11-22,5.73,2.63,5.16,5.18,5.37,5.79,6.09,6.34
2012-11-29,5.73,2.64,5.15,5.2,5.37,5.79,6.09,6.34
2012-12-06,5.73,2.65,5.15,5.2,5.37,5.79,6.09,6.34
2012-12-13,5.73,2.67,5.19,5.2,5.37,5.78,6.06,6.29
2012-12-20,5.73,2.66,5.23,5.3,5.37,5.78,6.06,6.29
2012-12-27,5.73,2.7,5.23,5.3,5.37,5.78,6.06,6.29
2013-01-03,5.73,2.67,5.36,5.41,5.46,5.89,6.06,6.43
2013-01-10,5.76,2.66,5.36,5.41,5.46,5.89,6.06,6.43
2013-01-17,5.76,2.67,5.39,5.41,5.46,5.89,6.06,6.43
2013-01-24,5.76,2.67,5.38,5.4,5.46,5.86,6.04,6.38
2013-01-31,5.76,2.66,5.38,5.4,5.46,5.86,6.04,6.38
2013-02-07,5.76,2.68,5.38,5.4,5.46,5.86,6.04,6.38
2013-02-14,5.76,2.67,5.35,5.37,5.49,5.83,6.04,6.36
2013-02-21,5.76,2.65,5.35,5.37,5.49,5.83,6.04,6.36
2013-02-28,5.76,2.66,5.35,5.38,5.46,5.81,5.95,6.3
2013-03-07,5.76,2.64,5.35,5.38,5.46,5.77,5.95,6.3
2013-03-14,5.76,2.64,5.36,5.37,5.46,5.76,5.94,6.27
2013-03-21,5.76,2.64,5.36,5.37,5.46,5.76,5.94,6.29
2013-03-28,5.76,2.65,5.36,5.37,5.46,5.73,5.99,6.27
2013-04-04,5.76,2.65,5.4,5.35,5.46,5.73,5.99,6.29
2013-04-11,5.76,2.65,5.36,5.37,5.46,5.73,5.99,6.29
2013-04-18,5.76,2.66,5.4,5.35,5.46,5.73,5.99,6.29
2013-04-25,5.76,2.64,5.38,5.25,5.42,5.75,5.99,6.29
2013-05-02,5.76,2.63,5.38,5.25,5.42,5.75,5.99,6.29
2013-05-09,5.76,2.64,5.38,5.22,5.42,5.75,5.99,6.29
2013-05-16,5.76,2.64,5.38,5.24,5.4,5.75,5.99,6.29
2013-05-23,5.76,2.65,5.38,5.23,5.4,5.75,5.99,6.29
2013-05-30,5.76,2.65,5.38,5.17,5.4,5.75,5.99,6.29
2013-06-06,5.76,2.64,5.38,5.17,5.44,5.79,5.99,6.29
2013-06-13,5.76,2.65,5.38,5.13,5.44,5.79,5.99,6.29
2013-06-20,5.76,2.65,5.38,5.16,5.44,5.79,5.99,6.29
2013-06-27,5.76,2.65,5.34,5.21,5.49,5.91,6.1,6.34
2013-07-04,5.76,2.64,5.34,5.21,5.49,5.93,6.11,6.35
2013-07-11,5.76,2.64,5.34,5.21,5.55,5.97,6.16,6.45
2013-07-18,5.76,2.63,5.33,5.22,5.62,6.02,6.24,6.55
2013-07-25,5.76,2.66,5.33,5.22,5.64,6.05,6.28,6.6
2013-08-01,5.76,2.63,5.33,5.22,5.64,6.05,6.28,6.6
2013-08-08,5.76,2.63,5.33,5.22,5.64,6.05,6.28,6.6
2013-08-15,5.76,2.64,5.33,5.22,5.67,6.09,6.29,6.6
2013-08-22,5.76,2.63,5.27,5.23,5.71,6.15,6.41,6.67
2013-08-29,5.76,2.63,5.27,5.25,5.76,6.21,6.47,6.8
2013-09-05,5.76,2.64,5.28,5.23,5.78,6.24,6.54,6.84
2013-09-12,5.76,2.63,5.24,5.22,5.83,6.35,6.74,6.94
2013-09-19,5.76,2.65,5.24,5.27,5.79,6.35,6.74,6.99
2013-09-26,5.78,2.68,5.24,5.27,5.8,6.35,6.74,7.01
2013-10-03,5.78,2.68,5.34,5.28,5.81,6.35,6.78,7.01
2013-10-10,5.78,2.69,5.34,5.27,5.78,6.35,6.78,7.01
2013-10-17,5.78,2.68,5.34,5.27,5.78,6.35,6.78,7.01
2013-10-24,5.78,2.67,5.34,5.27,5.78,6.38,6.78,7.01
2013-10-31,5.78,2.65,5.34,5.27,5.78,6.38,6.78,7.01
2013-11-07,5.78,2.67,5.37,5.31,5.75,6.38,6.78,7.01
2013-11-14,5.78,2.65,5.37,5.31,5.75,6.38,6.78,7.01
2013-11-21,5.78,2.67,5.37,5.31,5.75,6.38,6.78,7.01
2013-11-28,5.78,2.7,5.37,5.22,5.75,6.31,6.78,7.0
2013-12-05,5.78,2.7,5.37,5.22,5.75,6.31,6.78,7.0
2013-12-12,5.78,2.7,5.37,5.22,5.75,6.31,6.78,7.0
2013-12-19,5.78,2.76,5.39,5.31,5.83,6.38,6.8,7.01
2013-12-26,5.78,2.82,5.39,5.42,5.98,6.42,6.86,7.05
2014-01-02,5.78,2.9,5.39,5.42,6.01,6.41,6.86,7.05
2014-01-09,5.78,2.85,5.39,5.45,6.01,6.45,6.88,7.07
2014-01-16,5.78,2.87,5.39,5.46,6.01,6.45,6.88,7.07
2014-01-23,5.78,2.91,5.39,5.45,6.01,6.45,6.88,7.07
2014-01-30,5.78,2.9,5.39,5.45,6.01,6.45,6.88,7.07
2014-02-06,5.78,2.9,5.39,5.45,6.01,6.45,6.88,7.07
2014-02-13,5.78,2.93,5.4,5.45,6.01,6.45,6.88,7.07
2014-02-20,5.78,2.94,5.4,5.46,5.96,6.43,6.88,7.07
2014-02-27,5.78,2.97,5.4,5.47,5.96,6.42,6.88,7.07
2014-03-06,5.78,2.99,5.41,5.49,5.96,6.42,6.88,7.07
2014-03-13,5.78,3.04,5.41,5.53,5.97,6.43,6.88,7.07
2014-03-20,5.9,3.08,5.45,5.63,6.04,6.5,6.94,7.16
2014-03-27,5.96,3.1,5.5,5.71,6.13,6.56,6.97,7.2
2014-04-03,6.01,3.17,5.55,5.74,6.12,6.55,7.04,7.25
2014-04-10,6.01,3.2,5.56,5.76,6.12,6.55,7.08,7.29
2014-04-17,6.01,3.29,5.56,5.76,6.13,6.55,7.08,7.29
2014-04-24,6.01,3.3,5.57,5.78,6.16,6.59,7.09,7.31
2014-05-01,6.05,3.31,5.61,5.82,6.13,6.61,7.04,7.32
2014-05-08,6.14,3.35,5.63,5.84,6.09,6.53,7.01,7.3
2014-05-15,6.21,3.39,5.63,5.84,6.09,6.42,7.01,7.27
2014-05-22,6.21,3.39,5.69,5.87,6.13,6.37,7.01,7.29
2014-05-29,6.23,3.41,5.74,5.87,6.03,6.36,6.95,7.2
2014-06-05,6.23,3.42,5.74,5.87,6.03,6.36,6.95,7.2
2014-06-12,6.23,3.53,5.75,5.88,6.03,6.38,6.92,7.1
2014-06-19,6.33,3.56,5.79,5.94,6.16,6.44,6.87,7.12
2014-06-26,6.4,3.62,5.82,5.98,6.24,6.44,6.9,7.13
2014-07-03,6.42,3.65,5.86,6.0,6.3,6.46,6.87,7.11
2014-07-10,6.42,3.67,5.89,5.99,6.34,6.46,6.85,7.09
2014-07-17,6.42,3.65,5.89,5.98,6.34,6.46,6.85,
2014-07-24,6.42,3.69,5.91,6.01,6.33,6.45,6.82,7.07
2014-07-31,6.45,3.71,5.94,6.03,6.35,6.45,6.82,7.07
2014-08-07,6.64,3.67,5.93,6.06,6.16,6.48,6.82,7.07
2014-08-14,6.7,3.68,5.92,6.05,6.13,6.48,6.82,7.07
2014-08-21,6.7,3.67,5.92,6.06,6.14,6.53,6.81,7.07
2014-08-28,6.7,3.71,5.92,6.06,6.13,6.41,6.81,7.07
2014-09-04,6.72,3.7,5.94,6.06,6.15,6.42,6.8,7.08
2014-09-11,6.72,3.73,5.94,6.06,6.15,6.37,6.8,7.08
2014-09-18,6.72,3.7,5.94,6.04,6.13,6.3,6.73,7.08
2014-09-25,6.72,3.73,5.94,6.04,6.13,6.3,6.73,7.08
2014-10-02,6.72,3.69,5.94,6.04,6.13,6.3,6.71,7.06
2014-10-09,6.72,3.68,5.94,6.04,6.13,6.3,6.71,7.06
2014-10-16,6.72,3.68,5.94,5.95,6.08,6.3,6.68,7.05
2014-10-23,6.72,3.68,5.94,5.93,6.03,6.24,6.68,7.01
2014-10-30,6.72,3.7,5.94,5.89,5.95,6.25,6.68,6.96
2014-11-06,6.72,3.67,5.94,5.85,5.93,6.2,6.71,6.83
2014-11-13,6.72,3.67,5.94,5.85,5.93,6.16,6.56,6.69
2014-11-20,6.72,3.67,5.94,5.84,5.98,6.11,6.56,6.75
2014-11-27,6.72,3.67,5.92,5.81,5.98,6.06,6.46,6.67
2014-12-04,6.72,3.67,5.92,5.81,5.98,6.06,6.46,6.65
2014-12-11,6.72,3.68,5.92,5.81,5.98,6.06,6.43,6.65
2014-12-18,6.72,3.68,5.92,5.82,5.97,6.06,6.43,6.65
2014-12-25,6.72,3.68,5.92,5.82,5.97,6.06,6.43,6.65
2015-01-01,6.72,3.68,5.92,5.82,5.95,6.06,6.43,6.65
2015-01-08,6.72,3.66,5.92,5.82,5.95,6.06,6.43,6.65
2015-01-15,6.72,3.68,5.92,5.82,5.9,5.98,6.43,6.65
2015-01-22,6.72,3.67,5.92,5.81,5.89,5.95,6.38,6.57
2015-01-29,6.72,3.67,5.92,5.81,5.88,5.91,6.38,6.48
2015-02-05,6.72,3.64,5.92,5.8,,5.91,6.38,6.39
2015-02-12,6.72,3.64,5.92,5.8,5.88,5.9,6.37,6.28
2015-02-19,6.72,3.62,5.92,5.74,5.62,5.83,6.19,6.12
2015-02-26,6.72,3.62,5.92,5.74,5.6,5.8,6.19,6.0
2015-03-05,6.69,3.63,5.92,5.74,5.6,5.8,6.19,6.0
2015-03-12,6.69,3.63,5.92,5.74,5.59,5.75,6.15,6.0
2015-03-19,6.69,3.62,5.92,5.74,5.59,5.77,6.15,5.87
2015-03-26,6.69,3.64,5.92,5.74,5.59,5.75,6.13,5.85
2015-04-02,6.69,3.64,5.89,5.72,5.59,5.75,6.04,5.84
2015-04-09,6.69,3.64,5.89,5.73,5.59,5.75,6.04,5.84
2015-04-16,6.69,3.62,5.89,5.73,5.58,5.73,6.04,5.83
2015-04-23,6.69,3.62,5.89,5.73,5.58,5.71,6.06,5.81
2015-04-30,6.69,3.62,5.88,5.73,5.58,5.71,6.06,5.81
2015-05-07,6.69,3.62,5.86,5.72,5.58,5.65,6.02,5.88
2015-05-14,6.69,3.52,5.86,5.71,5.58,5.65,6.02,5.88
2015-05-21,6.69,3.48,5.79,5.58,5.61,5.62,5.82,5.87
2015-05-28,6.69,3.46,5.77,5.58,5.61,5.62,5.82,5.87
2015-06-04,6.69,3.48,5.77,5.57,5.62,5.62,5.82,5.87
2015-06-11,6.6,3.3,5.77,5.57,5.62,5.62,5.82,5.87
2015-06-18,6.49,3.23,5.72,5.48,5.47,5.61,5.75,5.87
2015-06-25,6.49,3.24,5.68,5.34,5.31,5.55,5.69,5.9
2015-07-02,6.49,3.22,5.67,5.32,5.28,5.54,5.69,5.9
2015-07-09,6.49,3.17,5.67,5.29,5.28,5.54,5.69,5.9
2015-07-16,6.46,3.07,5.6,5.16,5.24,5.52,5.68,5.9
2015-07-23,6.33,3.05,5.6,5.15,5.22,5.5,5.67,5.89
2015-07-30,6.26,3.1,5.58,5.12,5.17,5.44,5.62,5.87
2015-08-06,6.26,3.01,5.57,5.06,5.12,5.36,5.59,5.86
2015-08-13,6.26,2.94,5.48,4.96,5.11,5.27,5.47,5.79
2015-08-20,6.26,2.91,5.48,4.96,5.11,5.27,5.47,5.79
2015-08-27,6.23,2.9,5.47,4.93,5.08,5.25,5.44,5.78
2015-09-03,6.23,2.89,5.46,4.91,5.08,5.25,5.44,5.78
2015-09-10,6.06,2.85,5.46,4.86,5.05,5.22,5.41,5.74
2015-09-17,6.06,2.84,5.43,4.83,5.02,5.18,5.34,5.69
2015-09-24,6.04,2.84,5.38,4.8,4.97,5.17,5.28,5.65
2015-10-01,6.04,2.84,5.29,4.73,4.91,5.12,5.28,5.6
2015-10-08,6.04,2.83,5.29,4.73,4.89,5.12,5.28,5.6
2015-10-14,6.04,2.85,5.25,4.66,4.84,5.14,5.23,5.56
2015-10-22,6.04,2.85,5.25,4.63,4.83,5.14,5.2,5.52
2015-10-29,6.04,2.96,5.25,4.63,4.82,5.14,5.2,5.52
2015-11-05,6.04,2.91,5.23,4.63,4.84,5.1,5.19,5.5
2015-11-12,6.04,2.9,5.23,4.63,4.84,5.1,5.19,5.5
2015-11-19,6.04,2.87,5.23,4.58,4.79,5.06,5.19,5.5
2015-11-26,6.04,2.84,5.23,4.62,4.84,5.08,5.18,5.52
2015-12-03,6.04,2.88,5.23,4.62,4.81,5.08,5.18,5.52
2015-12-10,5.94,2.74,5.21,4.62,4.81,5.08,5.18,5.52
2015-12-17,5.92,2.76,5.21,4.62,4.8,5.08,5.18,5.52
2015-12-24,5.9,2.74,5.18,4.62,4.78,5.13,5.22,5.57
2015-12-31,5.84,2.76,5.04,4.46,4.57,4.88,5.22,5.3
2016-01-07,5.84,2.73,5.04,4.46,4.57,4.88,5.22,5.3
2016-01-14,5.8,2.73,5.04,4.46,4.58,4.89,5.22,5.3
2016-01-21,5.8,2.72,5.01,4.49,4.57,4.89,5.22,5.3
2016-01-28,5.8,2.7,5.01,4.49,4.57,4.88,5.22,5.3
2016-02-04,5.8,2.67,5.01,4.49,4.57,4.88,5.22,5.3
2016-02-11,5.8,2.6,5.01,4.49,4.57,4.88,5.22,5.3
2016-02-18,5.8,2.6,5.01,4.49,4.57,4.88,5.22,5.3
2016-02-25,5.78,2.57,4.97,4.47,4.54,4.84,5.2,5.3
2016-03-03,5.78,2.57,4.97,4.47,4.54,4.79,5.18,5.28
2016-03-10,5.7,2.39,4.95,4.43,4.53,4.76,5.11,5.23
2016-03-17,5.63,2.35,4.95,4.43,4.51,4.75,5.09,5.22
2016-03-24,5.63,2.33,4.94,4.39,4.47,4.74,5.06,5.18
2016-03-31,5.63,2.33,4.94,4.37,4.47,4.74,5.06,5.18
2016-04-07,5.63,2.32,4.94,4.35,4.47,4.74,5.06,5.18
2016-04-14,5.63,2.33,4.94,4.35,4.46,4.74,5.06,5.18
2016-04-21,5.63,2.32,4.94,4.35,4.45,4.74,5.06,5.18
2016-04-28,5.63,2.4,4.94,4.35,4.45,4.74,5.06,5.18
2016-05-05,5.63,2.39,4.94,4.37,4.42,4.74,5.06,5.18
2016-05-12,5.63,2.35,4.94,4.37,4.38,4.74,5.06,5.18
2016-05-19,5.63,2.37,4.94,4.36,4.34,4.69,5.02,5.15
2016-05-26,5.63,2.39,4.85,4.35,4.35,4.68,4.97,5.09
2016-06-02,5.63,2.4,4.85,4.35,4.35,4.68,4.97,5.09
2016-06-09,5.63,2.42,4.85,4.33,4.36,4.68,4.97,5.09
2016-06-16,5.64,2.34,4.85,4.38,4.41,4.68,4.97,5.06
2016-06-23,5.64,2.35,4.81,4.38,4.41,4.68,4.97,5.06
2016-06-30,5.65,2.42,4.81,4.38,4.42,4.69,4.97,5.06
2016-07-07,5.66,2.42,4.81,4.38,4.44,4.65,4.96,5.03
2016-07-14,5.65,2.37,4.81,4.38,4.44,4.66,4.97,5.03
2016-07-21,5.65,2.31,4.81,4.38,4.44,4.66,4.97,5.03
2016-07-28,5.65,2.28,4.81,4.38,4.44,4.66,4.97,5.03
2016-08-04,5.65,2.25,4.81,4.39,4.44,4.64,4.97,5.03
2016-08-11,5.63,2.23,4.81,4.39,4.44,4.64,4.97,5.03
2016-08-18,5.6,2.22,4.81,4.39,4.42,4.64,4.97,5.03
2016-08-25,5.59,2.23,4.82,4.4,4.43,4.65,4.97,5.03
2016-09-01,5.59,2.23,4.82,4.4,4.43,4.65,4.97,5.03
2016-09-08,5.59,2.23,4.82,4.4,4.43,4.65,4.97,5.03
2016-09-15,5.59,2.24,4.82,4.4,4.42,4.65,4.97,5.03
2016-09-22,5.59,2.24,4.82,4.4,4.42,4.65,4.97,5.03
2016-09-29,5.59,2.2,4.82,4.4,4.42,4.65,4.97,5.03
2016-10-06,5.59,2.18,4.83,4.41,4.45,4.65,4.97,5.03
2016-10-13,5.59,2.14,4.83,4.41,4.45,4.65,4.97,5.03
2016-10-20,5.59,2.12,4.83,4.42,4.45,4.66,4.97,5.03
2016-10-27,5.59,2.12,4.84,4.44,4.49,4.68,4.97,5.03
2016-11-03,5.59,2.13,4.84,4.44,4.49,4.71,5.0,5.08
2016-11-10,5.59,2.08,4.84,4.44,4.5,4.69,5.0,5.08
2016-11-17,5.59,2.05,4.84,4.43,4.5,4.73,5.03,5.12
2016-11-24,5.58,2.03,4.87,4.43,4.5,4.72,5.05,5.13
2016-12-01,5.6,2.04,4.87,4.43,4.54,4.78,5.11,5.22
2016-12-08,5.6,2.04,4.87,4.43,4.55,4.82,5.14,5.28
2016-12-15,5.6,2.04,4.87,4.43,4.55,4.82,5.14,5.28
2016-12-22,5.6,2.04,4.87,4.43,4.55,4.82,5.14,5.28
2016-12-29,5.6,2.0,4.87,4.43,4.58,4.83,5.24,5.35
2017-01-05,5.56,1.98,4.85,4.44,4.52,4.82,5.27,5.39
2017-01-12,5.58,1.98,4.95,4.44,4.69,5.04,5.49,5.61
2017-01-19,5.58,1.97,4.95,4.44,4.69,5.04,5.49,5.61
2017-01-26,5.62,1.98,4.99,4.48,4.75,5.1,5.53,5.65
2017-02-02,5.62,2.01,4.99,4.51,4.77,5.14,5.57,5.67
2017-02-09,5.62,2.03,4.99,4.52,4.78,5.17,5.58,5.71
2017-02-16,5.62,2.03,4.99,4.52,4.79,5.18,5.58,5.71
2017-02-23,5.62,1.99,4.99,4.52,4.79,5.2,5.61,5.74
2017-03-02,5.66,2.0,5.02,4.52,4.79,5.22,5.63,5.76
2017-03-09,5.69,1.96,5.04,4.54,4.8,5.22,5.65,5.79
2017-03-16,5.7,1.96,5.05,4.56,4.8,5.23,5.67,5.82
2017-03-23,5.7,1.95,5.05,4.57,4.8,5.23,5.67,5.82
2017-03-30,5.74,2.0,5.05,4.57,4.8,5.23,5.67,5.82
2017-04-06,5.75,2.0,5.05,4.57,4.8,5.23,5.67,5.82
2017-04-13,5.75,1.96,5.05,4.57,4.8,5.23,5.67,5.82
2017-04-20,5.75,1.96,5.05,4.57,4.8,5.23,5.67,5.82
2017-04-27,5.75,1.97,5.05,4.56,4.8,5.23,5.67,5.82
2017-05-04,5.75,1.98,5.05,4.56,4.8,5.23,5.67,5.82
2017-05-11,5.77,1.98,5.05,4.55,4.8,5.24,5.72,5.86
2017-05-18,5.78,1.97,5.05,4.55,4.79,5.24,5.72,5.86
2017-05-25,5.78,1.97,5.05,4.55,4.79,5.24,5.72,5.86
2017-06-01,5.78,1.95,5.05,4.55,4.79,5.24,5.72,5.86
2017-06-08,5.78,1.94,5.05,4.55,4.79,5.24,5.72,5.86
2017-06-15,5.81,1.94,5.05,4.55,4.77,5.24,5.72,5.86
2017-06-22,5.81,1.95,5.05,4.55,4.77,5.24,5.72,5.86
2017-06-29,5.81,1.98,5.05,4.55,4.77,5.24,5.72,5.86
2017-07-06,5.81,1.97,5.06,4.55,4.79,5.24,5.75,5.9
2017-07-13,5.81,1.94,5.06,4.55,4.79,5.24,5.75,5.9
2017-07-20,5.81,1.94,5.06,4.55,4.79,5.24,5.75,5.9
2017-07-27,5.81,1.93,5.06,4.55,4.79,5.24,5.75,5.9
2017-08-03,5.83,1.95,5.06,4.55,4.82,5.22,5.74,5.89
2017-08-10,5.83,1.95,5.06,4.55,4.82,5.2,5.74,5.89
2017-08-17,5.83,1.95,5.06,4.55,4.79,5.19,5.72,5.89
2017-08-24,5.83,1.94,5.06,4.55,4.77,5.19,5.72,5.89
2017-08-31,5.83,1.96,5.06,4.55,4.74,5.17,5.71,5.88
2017-09-07,5.83,1.94,5.06,4.56,4.72,5.17,5.7,5.87
2017-09-14,5.83,1.94,5.06,4.56,4.73,5.17,5.7,5.87
2017-09-21,5.83,1.93,5.06,4.56,4.7,5.1,5.7,5.87
2017-09-28,5.83,1.94,5.06,4.56,4.7,5.1,5.7,5.87
2017-10-05,5.83,1.95,5.06,4.56,4.7,5.08,5.7,5.87
2017-10-12,5.83,1.93,5.06,4.56,4.7,5.08,5.7,5.87
2017-10-19,5.83,1.94,5.06,4.56,4.7,5.08,5.7,5.87
2017-10-26,5.83,1.94,5.06,4.56,4.7,5.03,5.7,5.84
2017-11-02,5.83,1.94,5.06,4.56,4.7,5.03,5.7,5.84
2017-11-09,5.83,1.94,5.06,4.56,4.7,5.03,5.7,5.84
2017-11-16,5.83,1.92,5.06,4.56,4.69,5.01,5.7,5.82
2017-11-23,5.83,1.92,5.06,4.56,4.69,5.01,5.7,5.82
2017-11-30,5.83,1.91,5.0,4.49,4.63,4.95,5.63,5.76
2017-12-07,5.83,1.9,5.0,4.5,4.62,4.94,5.6,5.73
2017-12-14,5.83,1.89,5.0,4.48,4.61,4.94,5.6,5.73
2017-12-21,5.83,1.86,5.0,4.48,4.61,4.94,5.6,5.73
2017-12-28,5.83,1.86,5.0,4.48,4.61,4.94,5.6,5.73
2018-01-04,5.8,1.88,5.0,4.48,4.61,4.94,5.6,5.73
2018-01-11,5.8,1.87,5.0,4.48,4.61,4.94,5.6,5.73
2018-01-18,5.8,1.88,5.0,4.48,4.61,4.94,5.6,5.73
2018-01-25,5.8,1.88,5.0,4.45,4.62,4.94,5.6,5.73
2018-02-01,5.8,1.89,5.0,4.45,4.62,4.94,5.6,5.73
2018-02-08,5.8,1.89,5.0,4.42,4.62,4.94,5.6,5.73
2018-02-15,5.8,1.9,5.0,4.37,4.59,4.95,5.6,5.73
2018-02-22,5.8,1.92,5.0,4.36,4.58,4.95,5.6,5.72
2018-03-01,5.8,1.91,5.0,4.36,4.55,4.95,5.6,5.72
2018-03-08,5.8,1.9,5.0,4.36,4.51,4.95,5.6,5.72
2018-03-15,5.8,1.91,5.0,4.36,4.51,4.95,5.6,5.72
2018-03-22,5.8,1.96,5.0,4.35,4.53,4.95,5.6,5.72
2018-03-29,5.8,1.97,5.0,4.35,4.52,4.95,5.6,5.72
2018-04-05,5.8,1.97,5.0,4.33,4.54,4.95,5.6,5.72
2018-04-12,5.8,2.03,5.0,4.33,4.54,4.95,5.6,5.72
2018-04-19,5.8,2.06,5.0,4.32,4.51,4.94,5.55,5.69
2018-04-26,5.81,2.04,5.0,4.32,4.55,4.94,5.55,5.69
2018-05-03,5.81,2.03,5.0,4.33,4.53,4.94,5.55,5.69
2018-05-10,5.81,2.05,5.0,4.33,4.52,4.91,5.55,5.69
2018-05-17,5.82,2.0,5.0,4.32,4.51,4.91,5.55,5.69
2018-05-24,5.82,2.0,5.0,4.32,4.51,4.91,5.55,5.69
2018-05-31,5.82,2.01,5.0,4.32,4.51,4.91,5.55,5.69
2018-06-07,5.82,2.0,5.0,4.33,4.5,4.91,5.55,5.69
2018-06-14,5.82,2.0,5.0,4.31,4.49,4.91,5.55,5.69
2018-06-21,5.82,2.0,5.0,4.3,4.48,4.89,5.55,5.67
2018-06-28,5.82,2.0,5.0,4.26,4.46,4.85,5.55,5.67
2018-07-05,5.82,1.98,5.0,4.26,4.46,4.85,5.55,5.67
2018-07-12,5.82,1.94,5.0,4.25,4.46,4.85,5.55,5.67
2018-07-19,5.82,1.92,5.0,4.25,4.46,4.85,5.55,5.67
2018-07-26,5.82,1.91,5.0,4.25,4.46,4.85,5.55,5.67
2018-08-02,5.82,1.91,5.0,4.25,4.46,4.85,5.55,5.67
2018-08-09,5.82,1.91,5.0,4.22,4.45,4.83,5.47,5.63
2018-08-16,5.82,1.9,5.0,4.2,4.43,4.83,5.47,5.56
2018-08-23,5.82,1.91,5.0,4.2,4.43,4.83,5.47,5.56
2018-08-30,5.82,1.91,5.0,4.2,4.43,4.83,5.47,5.56
2018-09-06,5.82,1.9,5.0,4.2,4.43,4.79,5.47,5.51
2018-09-13,5.82,1.89,4.96,4.17,4.35,4.62,5.25,5.34
2018-09-20,5.82,1.91,4.93,4.16,4.34,4.58,5.21,5.3
2018-09-27,5.82,1.91,4.93,4.17,4.29,4.5,5.12,5.19
2018-10-04,5.82,1.91,4.93,4.15,4.29,4.5,5.12,5.19
2018-10-11,5.82,1.91,4.9,4.15,4.28,4.5,5.09,5.17
2018-10-18,5.82,1.89,4.9,4.14,4.23,4.5,5.09,5.17
2018-10-25,5.82,1.89,4.9,4.14,4.23,4.5,5.09,5.17
2018-11-01,5.82,1.91,4.9,4.14,4.23,4.5,5.09,5.16
2018-11-08,5.82,1.99,4.9,4.09,4.23,4.5,5.09,5.16
2018-11-15,5.82,2.01,4.9,4.02,4.2,4.51,5.09,5.16
2018-11-22,5.82,2.01,4.9,4.01,4.2,4.51,5.09,5.16
2018-11-29,5.82,1.99,4.86,4.04,4.29,4.52,5.09,5.22
2018-12-06,5.82,1.97,4.86,4.04,4.29,4.52,5.09,5.22
2018-12-13,5.82,1.97,4.86,4.04,4.29,4.52,5.09,5.22
2018-12-20,5.82,1.97,4.86,4.04,4.29,4.52,5.09,5.22
2018-12-27,5.82,1.97,4.86,4.04,4.33,4.52,5.09,5.24
2019-01-03,5.82,1.97,4.86,4.04,4.33,4.52,5.09,5.24
2019-01-10,5.82,1.97,4.86,4.04,4.32,4.52,5.09,5.24
2019-01-17,5.82,1.97,4.86,4.04,4.32,4.52,5.09,5.24
2019-01-24,5.84,1.97,4.86,4.04,4.25,4.52,5.09,5.24
2019-01-31,5.84,1.97,4.86,4.04,4.25,4.52,5.09,5.24
2019-02-07,5.84,1.92,4.85,4.02,4.24,4.52,5.09,5.22
2019-02-14,5.84,1.9,4.85,4.01,4.26,4.52,5.09,5.22
2019-02-21,5.84,1.89,4.85,4.01,4.26,4.52,5.09,5.22
2019-02-28,5.84,1.89,4.85,4.0,4.26,4.52,5.08,5.22
2019-03-07,5.84,1.88,4.85,4.03,4.21,4.49,5.08,5.19
2019-03-14,5.84,1.88,4.85,4.04,4.21,4.49,5.08,5.19
2019-03-21,5.84,1.88,4.85,4.04,4.09,4.49,5.08,5.19
2019-03-28,5.84,1.89,4.84,4.04,4.02,4.49,5.08,5.1
2019-04-04,5.84,1.85,4.84,4.04,3.97,4.35,4.91,4.94
2019-04-11,5.84,1.82,4.84,4.02,3.97,4.19,4.73,4.74
2019-04-18,5.84,1.78,4.84,4.02,3.97,4.14,4.65,4.75
2019-04-25,5.84,1.77,4.84,4.02,3.97,4.14,4.65,4.75
2019-05-02,5.84,1.79,4.84,4.02,3.97,4.14,4.65,4.75
2019-05-09,5.75,1.7,4.84,3.95,3.93,4.06,4.48,4.56
2019-05-16,5.74,1.7,4.84,3.95,3.93,4.06,4.48,4.56
2019-05-23,5.74,1.71,4.84,3.95,3.95,4.05,4.48,4.56
2019-05-30,5.74,1.66,4.84,3.91,3.95,4.06,4.48,4.56
2019-06-06,5.74,1.66,4.84,3.89,3.93,4.0,4.4,4.49
2019-06-13,5.74,1.57,4.79,3.89,3.91,4.0,4.4,4.49
2019-06-20,5.74,1.58,4.78,3.89,3.89,4.0,4.4,4.49
2019-06-27,5.74,1.6,4.73,3.86,3.87,4.04,4.4,4.49
2019-07-04,5.73,1.62,4.73,3.86,3.87,4.03,4.4,4.49
2019-07-11,5.78,1.6,4.73,3.86,3.86,4.03,4.4,4.49
2019-07-18,5.74,1.6,4.7,3.86,3.85,4.02,4.4,4.49
2019-07-25,5.74,1.49,4.7,3.86,3.83,4.02,4.4,4.49
2019-08-01,5.74,1.46,4.69,3.83,3.8,4.0,4.39,4.48
2019-08-08,5.47,1.21,4.69,3.83,3.78,4.0,4.39,4.48
2019-08-15,5.3,1.21,4.61,3.77,3.77,3.98,4.39,4.48
2019-08-22,5.3,1.2,4.59,3.73,3.75,3.96,4.37,4.45
2019-08-29,5.3,1.19,4.48,3.69,3.71,3.96,4.36,4.44
2019-09-05,5.24,1.17,4.45,3.63,3.6,3.9,4.23,4.29
2019-09-12,5.24,1.14,4.45,3.63,3.6,3.9,4.23,4.29
2019-09-19,5.24,1.14,4.45,3.63,3.6,3.9,4.23,4.29
2019-09-26,5.24,1.14,4.45,3.63,3.57,3.9,4.23,4.29
2019-10-03,5.24,1.14,4.43,3.61,3.5,3.9,4.23,4.29
2019-10-10,5.23,1.03,4.43,3.61,3.49,3.9,4.23,4.29
2019-10-17,5.23,1.05,4.34,3.56,3.49,3.89,4.17,4.23
2019-10-24,5.23,1.0,4.34,3.56,3.46,3.89,4.17,4.23
2019-10-31,5.24,1.0,4.29,3.56,3.46,3.89,4.17,4.23
2019-11-07,5.24,1.0,4.29,3.54,3.46,3.87,4.17,4.23
2019-11-14,5.24,1.0,4.29,3.54,3.46,3.87,4.17,4.23
2019-11-21,5.24,1.0,4.19,3.48,3.47,3.86,4.17,4.23
2019-11-28,5.24,1.0,4.14,3.46,3.47,3.86,4.17,4.23
2019-12-05,5.24,0.95,4.14,3.49,3.47,3.86,4.17,4.23
2019-12-12,5.24,0.9,4.14,3.49,3.52,3.9,4.22,4.29
2019-12-19,5.24,1.01,4.14,3.49,3.53,3.89,4.23,4.32
2019-12-26,5.24,0.79,4.14,3.49,3.53,3.89,4.23,4.32
2020-01-02,5.239,0.94,4.14,3.436,,3.89,4.23,4.32
2020-01-09,5.239,0.75,4.14,3.436,3.542,3.89,4.23,4.32
2020-01-16,5.239,0.96,4.14,3.436,3.542,3.89,4.23,4.32
2020-01-23,5.239,1.01,4.14,3.436,3.542,3.89,4.23,4.32
2020-01-30,5.239,0.96,4.14,3.436,3.542,3.89,4.23,4.32
2020-02-06,5.239,1.08,4.14,3.442,3.553,3.89,4.23,4.32
2020-02-13,5.239,0.95,4.14,3.442,3.553,3.89,4.23,4.32
2020-02-20,5.239,1.01,4.14,3.442,3.516,3.89,4.19,4.28
2020-02-27,5.239,0.89,4.14,3.442,3.516,3.89,4.16,4.26
2020-03-05,5.11,0.89,4.14,3.387,3.461,3.84,4.16,4.26
2020-03-12,5.11,0.9,4.14,3.387,3.461,3.77,4.03,4.13
2020-03-19,4.51,0.67,4.14,3.393,3.429,3.73,3.99,4.09
2020-03-26,4.44,0.49,4.14,3.213,3.343,3.73,3.99,4.09
2020-04-02,4.435,0.49,4.01,3.1,3.302,3.67,3.91,4.01
2020-04-09,4.435,0.45,4.01,3.1,3.302,3.67,3.91,4.01
2020-04-16,4.435,0.39,4.01,3.1,3.302,3.67,3.91,4.01
2020-04-23,4.435,0.35,4.01,3.1,3.302,3.67,3.91,4.01
2020-04-30,4.435,0.27,4.01,3.096,3.298,3.67,3.91,4.01
2020-05-07,4.435,0.25,4.01,3.05,3.268,3.67,3.91,4.01
2020-05-14,4.435,0.23,3.99,3.008,3.212,3.64,3.86,3.96
2020-05-21,4.435,0.28,3.88,2.877,3.006,3.44,3.7,3.79
2020-05-28,4.435,0.28,3.79,2.793,2.882,3.3,3.53,3.62
2020-06-04,4.435,0.26,3.79,2.793,2.882,3.3,3.53,3.62
2020-06-11,4.435,0.26,3.73,2.773,2.78,3.15,3.39,3.45
2020-06-18,4.335,0.28,3.73,2.729,2.76,3.11,3.31,3.38
2020-06-25,4.335,0.3,3.65,2.729,2.76,3.11,3.31,3.38
2020-07-02,4.335,0.31,3.65,2.715,2.76,3.11,3.31,3.38
2020-07-09,4.335,0.31,3.63,2.685,2.75,3.02,3.28,3.35
2020-07-16,4.335,0.3,3.63,2.651,2.75,3.02,3.28,3.35
2020-07-23,4.335,0.3,3.54,2.592,2.725,2.9,3.15,3.22
2020-07-30,4.335,0.3,3.52,2.578,2.719,2.9,3.15,3.22
2020-08-06,4.335,0.25,3.52,2.578,2.719,2.88,3.15,3.22
2020-08-13,4.335,0.25,3.52,2.574,2.719,2.83,3.13,3.21
2020-08-20,4.335,0.25,3.52,2.574,2.719,2.83,3.13,3.21
2020-08-27,4.335,0.25,3.47,2.568,2.715,2.83,3.13,3.21
2020-09-03,4.335,0.28,3.47,2.568,2.715,2.83,3.13,3.21
2020-09-10,4.335,0.28,3.47,2.568,2.715,2.83,3.13,3.21
2020-09-17,4.335,0.28,3.47,2.568,2.715,2.83,3.13,3.21
2020-09-24,4.335,0.25,3.47,2.568,2.715,2.83,3.13,3.21
2020-10-01,4.335,0.25,3.47,2.568,2.715,2.83,3.13,3.21
2020-10-08,4.335,0.25,3.47,2.568,2.715,2.83,3.12,3.19
2020-10-15,4.235,0.25,3.47,2.478,2.633,2.71,3.11,3.16
2020-10-22,4.235,0.18,3.47,2.478,2.633,2.71,3.11,3.16
2020-10-29,4.235,0.2,3.28,2.466,2.633,2.71,3.08,3.13
2020-11-05,4.235,0.28,3.28,2.46,2.649,2.74,3.08,3.13
2020-11-12,4.19,0.25,3.28,2.434,2.594,2.72,3.08,3.13
2020-11-19,4.19,0.23,3.28,2.428,2.584,2.71,3.08,3.13
2020-11-26,4.19,0.23,3.28,2.428,2.584,2.71,3.08,3.13
2020-12-03,4.19,0.23,3.28,2.428,2.578,2.7,3.07,3.13
2020-12-10,4.19,0.23,3.28,2.428,2.578,2.7,3.07,3.13
2020-12-17,4.19,0.23,3.28,2.428,2.578,2.7,3.07,3.13
2020-12-24,4.19,0.23,3.28,2.428,2.578,2.7,3.07,3.13
2020-12-31,4.19,0.23,3.28,2.428,2.578,2.7,3.07,3.13
2021-01-07,4.19,0.23,3.28,2.428,2.578,2.7,3.07,3.13
2021-01-14,4.19,0.23,3.28,2.408,2.578,2.7,3.07,3.13
2021-01-21,4.19,0.23,3.28,2.328,2.568,2.69,3.07,3.13
2021-01-28,4.19,0.23,3.28,2.308,2.568,2.69,3.07,3.13
2021-02-04,4.19,0.23,3.25,2.262,2.558,2.69,3.07,3.13
2021-02-11,4.19,0.23,3.25,2.262,2.558,2.69,3.07,3.13
2021-02-18,4.19,0.28,3.25,2.262,2.528,2.69,3.07,3.13
2021-02-25,4.19,0.28,3.25,2.262,2.528,2.69,3.07,3.13
2021-03-04,4.19,0.3,3.25,2.262,2.528,2.69,3.07,3.13
2021-03-11,4.19,0.32,3.25,2.262,2.528,2.69,3.07,3.13
2021-03-18,4.19,0.33,3.25,2.262,2.528,2.69,3.07,3.13
2021-03-25,4.19,0.35,3.25,2.262,2.528,2.69,3.07,3.13
2021-04-01,4.19,0.35,3.25,2.262,2.528,2.69,3.07,3.13
2021-04-08,4.19,0.34,3.25,2.262,2.528,2.69,3.07,3.13
2021-04-15,4.19,0.34,3.25,2.262,2.528,2.69,3.07,3.13
2021-04-22,4.19,0.34,3.25,2.262,2.548,2.7,3.08,3.16
2021-04-29,4.19,0.34,3.2,2.254,2.538,2.73,3.12,3.25
2021-05-06,4.19,0.36,3.2,2.242,2.514,2.77,3.14,3.31
2021-05-13,4.19,0.36,3.2,2.222,2.524,2.78,3.18,3.41
2021-05-20,4.135,0.34,3.2,2.208,2.524,2.78,3.18,3.41
2021-05-27,4.135,0.33,3.2,2.208,2.524,2.78,3.19,3.43
2021-06-03,4.135,0.32,3.2,2.19,2.524,2.8,3.22,3.47
2021-06-10,4.135,0.32,3.03,2.186,2.524,2.85,3.3,3.55
2021-06-17,4.135,0.32,3.03,2.168,2.53,2.88,3.35,3.62
2021-06-24,4.135,0.33,2.96,2.162,2.53,2.88,3.35,3.62
2021-07-01,4.135,0.34,2.96,2.162,2.53,2.88,3.35,3.62
2021-07-08,4.135,0.34,2.96,2.162,2.53,2.88,3.35,3.62
2021-07-15,4.17,0.43,3.09,2.366,2.725,3.07,3.5,3.8
2021-07-22,4.17,0.47,3.13,2.426,2.779,3.13,3.56,3.87
2021-07-29,4.17,0.48,3.13,2.426,2.779,3.13,3.56,3.87
2021-08-05,4.17,0.65,3.13,2.446,2.809,3.15,3.59,3.9
2021-08-12,4.17,0.67,3.1,2.412,2.824,3.12,3.58,3.89
2021-08-19,4.17,0.37,3.1,2.451,2.834,3.12,3.58,3.89
2021-08-26,4.17,0.46,3.1,2.437,2.824,3.12,3.58,3.89
2021-09-02,4.17,0.48,3.1,2.437,2.824,3.12,3.58,3.89
2021-09-09,4.17,0.5,3.1,2.437,2.83,3.17,3.67,3.98
2021-09-16,4.17,0.53,3.1,2.499,2.866,3.23,3.77,4.07
2021-09-23,4.17,0.67,3.16,2.594,2.966,3.29,3.82,4.09
2021-09-30,4.17,0.63,3.19,2.683,3.052,3.33,3.88,4.14
2021-10-07,4.27,0.61,3.21,2.752,3.129,3.4,3.96,4.19
2021-10-14,4.335,0.66,3.25,2.781,3.164,3.43,3.99,4.21
2021-10-21,4.36,0.69,3.4,2.959,3.417,3.67,4.19,4.38
2021-10-28,4.36,0.74,3.54,3.058,3.541,3.8,4.32,4.52
2021-11-04,4.404,0.8,3.71,3.285,3.887,4.15,4.64,4.82
2021-11-11,4.404,0.85,3.77,3.312,3.923,4.2,4.68,4.85
2021-11-18,4.43,0.87,3.8,3.339,3.99,4.25,4.7,4.87
2021-11-25,4.54,0.8,3.86,3.432,4.078,4.37,4.8,4.96
2021-12-02,4.56,0.87,3.9,3.472,4.118,4.42,4.83,5.01
2021-12-09,4.635,0.89,3.95,3.542,4.179,4.53,4.91,5.08
2021-12-16,4.635,0.93,3.95,3.577,4.213,4.59,4.91,5.08
2021-12-23,4.635,0.96,3.95,3.577,4.213,4.59,4.91,5.08
2021-12-30,4.635,0.97,3.95,3.577,4.213,4.59,4.91,5.08
2022-01-06,4.635,0.97,3.95,3.577,4.213,4.59,4.91,5.08
2022-01-13,4.635,0.97,3.95,3.577,4.213,4.59,4.91,5.08
2022-01-20,4.635,1.08,3.95,3.577,4.213,4.59,4.91,5.08
2022-01-27,4.635,1.08,3.95,3.577,4.213,4.59,4.91,5.08
2022-02-03,4.635,1.16,3.92,3.551,4.193,4.57,4.91,5.08
2022-02-10,4.635,1.21,3.92,3.551,4.162,4.57,4.91,5.08
2022-02-17,4.635,1.23,3.95,3.611,4.183,4.57,4.93,5.1
2022-02-24,4.66,1.24,3.95,3.625,4.203,4.59,4.94,5.1
2022-03-03,4.765,1.34,3.96,3.661,4.243,4.631,4.98,5.14
2022-03-10,4.805,1.48,3.97,3.696,4.273,4.66,5.0,5.16
2022-03-17,4.805,1.56,4.05,3.798,4.388,4.71,5.08,5.24
2022-03-24,4.805,1.57,4.06,3.818,4.408,4.726,5.1,5.24
2022-03-31,4.78,1.6,4.18,3.929,4.589,4.844,5.26,5.39
2022-04-07,4.78,1.68,4.24,3.963,4.652,4.914,5.4,5.598
2022-04-14,4.87,1.79,4.29,3.998,4.756,5.028,5.57,5.822
2022-04-21,5.05,1.96,4.31,4.124,4.862,5.094,5.67,5.894
2022-04-28,5.23,1.99,4.4,4.234,4.956,5.214,5.73,5.961
2022-05-05,5.2,2.1,4.49,4.361,5.127,5.345,5.83,6.012
2022-05-12,5.2,2.11,4.49,4.361,5.127,5.345,5.83,6.012
2022-05-19,5.2,2.23,4.52,4.369,5.127,5.345,5.83,6.012
2022-05-26,5.2,2.42,4.52,4.369,5.101,5.345,5.83,6.012
2022-06-02,5.484,2.49,4.57,4.468,5.149,5.396,5.87,6.012
2022-06-09,5.484,2.52,4.62,4.518,5.159,5.406,5.87,6.012
2022-06-16,5.559,2.8,4.769,4.65,5.177,5.451,5.907,6.029
2022-06-23,5.559,2.78,5.042,4.958,5.429,5.673,6.212,6.346
2022-06-30,5.63,2.85,5.126,5.043,5.479,5.753,6.306,6.428
2022-07-07,5.63,2.91,5.186,5.177,5.569,5.856,6.321,6.443
2022-07-14,5.815,3.1,5.186,5.157,5.469,5.806,6.254,6.377
2022-07-21,5.9,3.14,5.186,5.157,5.469,5.806,6.254,6.377
2022-07-28,6.045,3.14,5.19,5.171,5.443,5.806,6.272,6.399
2022-08-04,6.12,3.23,5.1,4.997,5.369,5.64,6.054,6.159
2022-08-11,6.12,3.27,5.1,4.961,5.359,5.64,6.021,6.108
2022-08-18,6.12,3.37,5.067,4.924,5.345,5.575,5.97,6.041
2022-08-25,6.396,3.44,5.056,4.914,5.345,5.575,5.97,6.041
2022-09-01,6.541,3.48,5.056,4.914,5.345,5.575,5.97,6.041
2022-09-08,6.58,3.54,5.062,4.934,5.345,5.571,5.943,6.003
2022-09-15,6.58,3.64,5.062,5.006,5.355,5.572,5.889,5.938
2022-09-22,6.58,3.76,5.201,5.11,5.47,5.659,5.95,6.01
2022-09-29,6.58,3.85,5.201,5.11,5.47,5.659,5.95,6.01
2022-10-06,6.58,3.88,5.281,5.206,5.546,5.72,5.983,6.032
2022-10-13,6.73,3.98,5.33,5.246,5.576,5.756,5.994,6.043
2022-10-20,7.03,4.13,5.397,5.286,5.616,5.78,6.017,6.054
2022-10-27,7.08,4.06,5.679,5.617,5.878,5.998,6.341,6.363
2022-11-03,7.08,4.17,5.828,5.795,6.058,6.146,6.49,6.523
2022-11-10,7.08,4.13,5.888,5.855,6.078,6.166,6.512,6.546
2022-11-17,7.08,4.2,5.91,5.875,6.094,6.186,6.534,6.568
2022-11-24,7.08,4.4,5.91,5.875,6.094,6.186,6.534,6.568
2022-12-01,7.384,4.43,6.16,6.111,6.354,6.442,6.696,6.74
2022-12-08,7.638,4.49,6.327,6.261,6.493,6.556,6.824,6.873
2022-12-15,7.638,4.55,6.443,6.361,6.577,6.642,6.909,6.962
2022-12-22,7.638,4.61,6.443,6.361,6.577,6.642,6.909,6.962
2022-12-29,7.638,4.65,6.443,6.361,6.577,6.642,6.909,6.962
2023-01-05,7.638,4.76,6.443,6.361,6.577,6.642,6.909,6.962
2023-01-12,7.638,4.79,6.443,6.361,6.577,6.642,6.909,6.962
2023-01-19,7.638,4.83,6.481,6.361,6.582,6.627,6.864,6.907
2023-01-26,7.638,4.86,6.481,6.391,6.582,6.627,6.864,6.907
2023-02-02,7.638,4.89,6.498,6.416,6.531,6.602,6.814,6.812
2023-02-09,7.638,5.0,6.542,6.495,6.507,6.582,6.781,6.768
2023-02-16,7.664,4.95,6.57,6.515,6.453,6.556,6.692,6.657
2023-02-23,7.664,5.1,6.57,6.515,6.453,6.556,6.692,6.657
2023-03-02,7.714,5.16,6.57,6.515,6.453,6.556,6.692,6.657
2023-03-09,7.824,5.22,6.542,6.49,6.477,6.556,6.692,6.657
2023-03-16,7.824,5.14,6.542,6.49,6.473,6.556,6.692,6.657
2023-03-23,7.824,5.15,6.532,6.481,6.443,6.536,6.681,6.657
2023-03-30,7.848,5.23,6.532,6.481,6.443,6.536,6.681,6.657
2023-04-06,7.848,5.49,6.532,6.481,6.443,6.536,6.681,6.657
2023-04-13,7.978,5.54,6.587,6.521,6.462,6.476,6.614,6.601
2023-04-20,8.152,5.56,6.72,6.622,6.497,6.406,6.557,6.534
2023-04-27,8.242,5.56,6.764,6.652,6.501,6.346,6.512,6.501
2023-05-04,8.242,5.62,6.764,6.652,6.491,6.286,6.512,6.501
2023-05-11,8.242,5.6,6.777,6.683,6.521,6.231,6.446,6.446
2023-05-18,8.242,5.79,6.777,6.674,6.521,6.231,6.446,6.446
2023-05-25,8.317,5.69,6.789,6.694,6.507,6.241,6.446,6.446
2023-06-01,8.393,5.68,6.811,6.75,6.517,6.26,6.446,6.446
2023-06-08,8.443,5.68,6.876,6.809,6.523,6.26,6.446,6.446
2023-06-15,8.443,5.68,6.93,6.827,6.498,6.286,6.44,6.403
2023-06-22,8.443,5.69,7.001,6.898,6.487,6.286,6.423,6.365
2023-06-29,8.443,5.71,7.012,6.898,6.498,6.286,6.423,6.365
2023-07-06,8.443,5.7,7.077,6.942,6.587,6.33,6.398,6.378
2023-07-13,8.443,5.65,7.121,6.976,6.67,6.363,6.41,6.378
2023-07-20,8.478,5.67,7.132,6.998,6.71,6.408,6.453,6.403
2023-07-27,8.478,5.67,7.154,7.052,6.742,6.43,6.453,6.403
2023-08-03,8.498,5.64,7.17,7.052,6.742,6.43,6.478,6.428
2023-08-10,8.498,5.64,7.192,7.052,6.742,6.43,6.478,6.428
2023-08-17,8.498,5.64,7.192,7.086,6.731,6.43,6.49,6.453
2023-08-24,8.498,5.63,7.203,7.099,6.787,6.463,6.565,6.535
2023-08-31,8.523,5.65,7.237,7.117,6.83,6.508,6.603,6.56
2023-09-07,8.523,5.66,7.237,7.139,6.854,6.626,6.635,6.585
2023-09-14,8.523,5.66,7.237,7.15,6.881,6.681,6.66,6.61
2023-09-21,8.523,5.7,7.237,7.15,6.881,6.681,6.66,6.61
2023-09-28,8.523,5.74,7.259,7.179,6.919,6.681,6.673,6.628
2023-10-05,8.523,5.69,7.266,7.201,6.959,6.699,6.705,6.653
2023-10-12,8.523,5.7,7.266,7.201,6.959,6.699,6.718,6.678
2023-10-19,8.547,5.67,7.261,7.241,6.994,6.761,6.775,6.735
2023-10-26,8.547,5.64,7.261,7.241,6.994,6.761,6.775,6.735
2023-11-02,8.547,5.63,7.346,7.319,7.046,6.83,6.851,6.831
2023-11-09,8.547,5.62,7.346,7.319,7.046,6.83,6.851,6.831
2023-11-16,,,7.346,7.319,7.046,6.83,6.851,6.831
2023-11-23,,,7.346,7.33,7.052,6.83,6.851,6.831
2023-11-30,,,7.357,7.334,7.041,6.819,6.844,6.811
2023-12-07,,,7.35,7.328,7.041,6.819,6.844,6.819
2023-12-14,,,7.35,7.328,7.041,6.819,6.844,6.819
2023-12-21,,,7.371,7.344,6.983,6.786,6.844,6.819
2023-12-28,,,7.371,7.344,6.983,6.786,6.844,6.819
2024-01-04,,,7.371,7.344,6.983,6.786,6.844,6.819
2024-01-11,,,7.381,7.35,6.926,6.748,6.819,6.781
2024-01-18,,,7.381,7.35,6.926,6.748,6.819,6.781
2024-01-25,,,7.381,7.35,6.926,6.737,6.794,6.756
2024-02-01,,,7.37,7.339,6.888,6.737,6.781,6.731
2024-02-08,,,7.37,7.306,6.843,6.686,6.781,6.731
2024-02-15,,,7.37,7.294,6.832,6.674,6.769,6.719
2024-02-22,,,7.37,7.288,6.828,6.659,6.744,6.694
2024-02-29,,,7.37,7.288,6.828,6.659,6.744,6.694
2024-03-07,,,7.337,7.197,6.783,6.621,6.701,6.664
2024-03-14,,,7.332,7.186,6.772,6.61,6.684,6.659
2024-03-21,,,7.321,7.186,6.766,6.599,6.659,6.634
